oid;ELEVATION;SLOPE;PROXIMITY_TO_RIVER;PROXIMITY_TO_FOREST;STREET_DENSITY;LAND_USE;SOIL_TYPE
DEBWL0010004I6OAFL;High;High;High;Low;High;Greenland;T
DEBWL0010004I7CWFL;Medium;High;Low;High;Medium;Greenland;T
DEBWL0010004I7UJFL;Low;Low;High;High;Medium;Greenland;Unknown
DEBWL0010004I7mQFL;Medium;High;High;High;High;Greenland;T
DEBWL0010004I7R1FL;Medium;Medium;High;High;High;Greenland;Unknown
DEBWL0010004I84EFL;Low;Low;Medium;High;High;Greenland;T
DEBWL0010004I7UIFL;Low;Low;High;High;Medium;Greenland;Unknown
DEBWL0010004I6VYFL;Medium;High;High;High;Low;Greenland;Unknown
DEBWL0010004I7mPFL;High;High;High;High;High;Greenland;T
DEBWL0010004I7CYFL;Medium;Low;Medium;High;High;Greenland;T
DEBWL0010004I7ULFL;Low;Medium;High;High;Low;Farmland;LT
DEBWL0010004I7mSFL;High;High;High;High;High;Greenland;T
DEBWL0010004I84HFL;Low;Low;Medium;High;Medium;Greenland;T
DEBWL0010004I6OxFL;High;High;High;Low;Medium;Greenland;Unknown
DEBWL0010004I7UAFL;Medium;High;High;High;Medium;Greenland;LT
DEBWL0010004I6VaFL;Medium;High;High;Medium;Low;Farmland;Unknown
DEBWL0010004I6XOFL;Medium;High;High;High;High;Greenland;T
DEBWL0010004I7CXFL;Medium;Low;Low;High;High;Greenland;T
DEBWL0010004I7UKFL;Low;Low;High;High;Medium;Greenland;T
DEBWL0010004I84FFL;Low;Low;Medium;High;Medium;Greenland;T
DEBWL0010004I7UNFL;Low;Low;High;High;Medium;Greenland;Unknown
DEBWL0010004I7mUFL;Medium;High;High;High;High;Greenland;T
DEBWL0010004I6VcFL;High;High;High;Medium;Low;Farmland;LT
DEBWL0010004I7CbFL;Medium;Medium;High;High;Low;Greenland;T
DEBWL0010004I7UMFL;Low;Low;High;High;Medium;Greenland;T
DEBWL0010004I7mTFL;Medium;High;High;High;High;Greenland;T
DEBWL0010004I6VbFL;Medium;High;High;High;Medium;Greenland;T
DEBWL0010004I84IFL;Low;Low;High;High;Low;Greenland;T
DEBWL0010004I7mWFL;High;High;High;High;High;Greenland;T
DEBWL0010004I6VeFL;Medium;High;High;Medium;Low;Farmland;LT
DEBWL0010004I84LFL;Medium;High;High;High;Low;Greenland;T
DEBWL0010004I7ZlFL;High;High;High;Low;High;Greenland;Unknown
DEBWL0010004I7UOFL;Low;Medium;High;High;Low;Farmland;LT
DEBWL0010004I7mVFL;Medium;High;High;High;High;Greenland;T
DEBWL0010004I6VdFL;Medium;High;High;High;Medium;Greenland;T
DEBWL0010004I84KFL;Low;Low;Medium;High;High;Greenland;T
DEBWL0010004I7CNFL;Medium;High;High;High;Low;Greenland;Unknown
DEBWL0010004I7UBFL;Medium;High;High;High;Medium;Greenland;Unknown
DEBWL0010004I846FL;Medium;High;High;High;Low;Greenland;T
DEBWL0010004I6VRFL;High;High;High;High;High;Farmland;T
DEBWL0010004I845FL;High;High;High;High;Medium;Greenland;T
DEBWL0010004I7mHFL;Medium;High;High;High;High;Greenland;T
DEBWL0010004I6VQFL;Medium;Medium;High;High;Low;Farmland;Unknown
DEBWL0010004I7UDFL;High;High;High;Low;Low;Greenland;T
DEBWL0010004I6VTFL;High;High;High;High;Medium;Farmland;T
DEBWL0010004I848FL;Medium;High;High;High;Medium;Greenland;T
DEBWL001000radiBFL;Medium;Medium;High;High;High;Farmland;L
DEBWL0010004I7mKFL;High;High;High;High;High;Greenland;T
DEBWL0010004I7UCFL;Medium;High;High;Medium;Low;Greenland;T
DEBWL0010004I847FL;High;High;High;High;Medium;Greenland;T
DEBWL0010004I7COFL;Low;Low;High;High;High;Greenland;Unknown
DEBWL0010004I7mJFL;High;Medium;High;High;High;Farmland;LT
DEBWL0010004I6VSFL;Medium;High;High;High;Low;Greenland;Unknown
DEBWL0010004I6VVFL;Medium;High;High;Medium;Low;Farmland;L
DEBWL0010004I7UFFL;Medium;High;High;High;Low;Greenland;T
DEBWL0010004I7CRFL;Low;Low;High;High;High;Greenland;T
DEBWL0010004I7mMFL;High;High;High;High;High;Greenland;T
DEBWL0010004I6ODFL;High;Low;High;Low;High;Greenland;T
DEBWL0010004I7UEFL;Medium;High;High;High;Low;Greenland;T
DEBWL0010004I6VUFL;High;Medium;High;High;High;Farmland;Unknown
DEBWL0010004I849FL;Medium;Medium;High;High;Medium;Farmland;Unknown
DEBWL0010004I7CQFL;Low;Low;High;High;High;Greenland;T
DEBWL0010004I7mLFL;High;Medium;High;High;High;Farmland;LT
DEBWL0010004I7UHFL;Low;Medium;High;High;Low;Greenland;T
DEBWL0010004I6VXFL;High;High;High;High;Medium;Farmland;T
DEBWL0010004I7mOFL;High;High;High;High;High;Greenland;T
DEBWL0010004I7UGFL;Low;Medium;High;High;Medium;Farmland;LT
DEBWL0010004I7mNFL;Medium;High;High;High;High;Greenland;T
DEBWL0010004I7m8FL;Low;Medium;High;High;High;Greenland;T
DEBWL0010004I7mFFL;High;Low;High;High;High;Farmland;LT
DEBWL0010004I6VKFL;High;Medium;High;High;High;Farmland;Unknown
DEBWL0010004I7TzFL;High;High;High;Low;Medium;Greenland;Unknown
DEBWL0010004I83uFL;High;High;High;Medium;Low;Greenland;L
DEBWL0010004I7CEFL;Medium;High;High;High;Medium;Greenland;Unknown
DEBWL0010004I6VJFL;High;Medium;High;High;High;Farmland;Unknown
DEBWL0010004I83tFL;High;High;High;Medium;Medium;Greenland;Unknown
DEBWL0010004I6VOFL;Medium;High;High;High;Low;Greenland;T
DEBWL0010004I6VMFL;High;High;High;High;High;Farmland;Unknown
DEBWL0010004I7mAFL;Medium;High;High;High;High;Greenland;T
DEBWL0010004I6VLFL;Medium;High;High;High;Medium;Greenland;T
DEBWL0010004I7CFFL;Low;High;High;High;Medium;Greenland;Unknown
DEBWL0010004I7mDFL;Medium;High;High;High;High;Greenland;T
DEBWL0010004I7CJFL;Low;Low;High;High;Medium;Greenland;Unknown
DEBWL0010004I7mEFL;Medium;High;High;High;High;Greenland;T
DEBWL0010004I6VNFL;Medium;Medium;High;High;Low;Farmland;Unknown
DEBWL0010004I841FL;Medium;High;High;High;Medium;Greenland;T
DEBWL0010004I7lDFL;Medium;Medium;High;High;High;Farmland;L
DEBWL0010004I7CIFL;Low;Medium;High;High;Medium;Greenland;T
DEBWL0010004I7BxFL;Low;Low;Low;High;High;Greenland;L
DEBWL001000radhXFL;Medium;Medium;High;High;High;Farmland;L
DEBWL0010004I7CKFL;Medium;High;High;High;Medium;Greenland;T
DEBWL0010004I840FL;Medium;Medium;High;High;Medium;Farmland;Unknown
DEBWL0010004I7CLFL;Low;Low;High;High;High;Greenland;Unknown
DEBWL0010004I844FL;Medium;High;High;Medium;Medium;Greenland;T
DEBWL0010004I7mGFL;High;High;High;High;High;Greenland;T
DEBWL0010004I6VPFL;Medium;High;High;High;Low;Greenland;T
DEBWL0010004I7lzFL;Medium;Medium;High;Medium;Medium;Farmland;L
DEBWL0010004I6VDFL;High;Medium;High;High;High;Farmland;Unknown
DEBWL0010004I7TsFL;High;High;High;Low;Medium;Greenland;Unknown
DEBWL0010004I83mFL;Medium;High;High;Low;Low;Greenland;T
DEBWL0010004I7C6FL;Medium;High;High;High;Low;Greenland;T
DEBWL0010004I6VCFL;High;Low;High;High;High;Farmland;Unknown
DEBWL0010004I7lyFL;Medium;Medium;High;High;Medium;Farmland;L
DEBWL0010004I7TrFL;High;High;High;Medium;Medium;Greenland;Unknown
DEBWL0010004I83lFL;Medium;Medium;High;High;Medium;Farmland;LT
DEBWL0010004I7C5FL;Medium;Medium;High;Medium;Low;Greenland;T
DEBWL0010004I6VFFL;Medium;High;High;Medium;Low;Farmland;Unknown
DEBWL0010004I83oFL;Medium;High;High;Low;Low;Greenland;T
DEBWL0010004I7C8FL;Medium;High;High;High;Low;Greenland;T
DEBWL0010004I7TuFL;High;High;High;Low;Medium;Greenland;Unknown
DEBWL0010004I6VEFL;Medium;Medium;High;High;Low;Greenland;T
DEBWL0010004I7m0FL;Medium;Medium;High;High;Medium;Farmland;Unknown
DEBWL0010004I83nFL;High;High;High;Medium;Low;Greenland;L
DEBWL0010004I7C7FL;Medium;Medium;High;Medium;Low;Greenland;T
DEBWL0010004I7TtFL;High;High;High;Low;Medium;Greenland;T
DEBWL0010004I7TwFL;High;High;High;Low;Medium;Greenland;Unknown
DEBWL0010004I6VGFL;High;Medium;High;High;High;Farmland;Unknown
DEBWL0010004I7m3FL;Medium;High;High;High;High;Greenland;T
DEBWL0010004I83qFL;High;High;High;Low;Medium;Greenland;Unknown
DEBWL0010004I7CAFL;Medium;High;High;High;Medium;Greenland;Unknown
DEBWL0010004I7m2FL;Medium;High;High;High;High;Greenland;T
DEBWL0010004I83pFL;High;High;High;Medium;Low;Greenland;L
DEBWL0010004I7C9FL;Medium;Medium;High;High;Low;Greenland;T
DEBWL0010004I7TyFL;High;High;High;Low;Medium;Greenland;Unknown
DEBWL0010004I7m5FL;Medium;High;High;High;High;Greenland;T
DEBWL0010004I6VIFL;Medium;High;High;High;Low;Farmland;Unknown
DEBWL0010004I7CCFL;Low;High;High;High;Medium;Greenland;Unknown
DEBWL0010004I7TxFL;High;High;High;Low;Medium;Greenland;Unknown
DEBWL0010004I7m4FL;Medium;High;High;High;High;Greenland;T
DEBWL0010004I6VHFL;Medium;High;High;High;Medium;Greenland;T
DEBWL0010004I7lrFL;High;High;High;High;Medium;Farmland;L
DEBWL0010004I7nrFL;High;High;High;High;Medium;Greenland;T
DEBWL0010004I7TlFL;High;High;High;Medium;Medium;Greenland;T
DEBWL0010004I83fFL;Medium;High;High;High;Medium;Farmland;LT
DEBWL0010004I6V5FL;Medium;High;High;High;Medium;Greenland;T
DEBWL0010004I7lqFL;Medium;Medium;High;High;Medium;Farmland;L
DEBWL0010004I7TkFL;High;High;High;Low;High;Greenland;T
DEBWL0010004I83eFL;High;High;High;High;High;Greenland;T
DEBWL0010004I81TFL;High;High;High;High;Medium;Greenland;T
DEBWL0010004I6V4FL;Medium;High;High;Medium;Low;Farmland;Unknown
DEBWL0010004I7ltFL;Medium;Medium;High;Medium;Medium;Farmland;Unknown
DEBWL0010004I7TnFL;High;High;High;Low;Medium;Greenland;Unknown
DEBWL0010004I6V7FL;Medium;High;High;High;Medium;Greenland;T
DEBWL0010004I7lsFL;Medium;Medium;High;High;Medium;Farmland;L
DEBWL0010004I7TmFL;High;High;High;Low;High;Greenland;T
DEBWL0010004I83gFL;High;High;High;High;High;Greenland;Unknown
DEBWL0010004I7nHFL;High;High;High;High;Medium;Greenland;T
DEBWL0010004I6V6FL;Medium;High;High;Medium;Low;Farmland;LT
DEBWL0010004I7TpFL;High;High;High;Low;Medium;Greenland;Unknown
DEBWL0010004I7lvFL;Medium;Medium;High;High;Medium;Farmland;L
DEBWL0010004I83iFL;High;High;High;High;High;Greenland;L
DEBWL0010004I6V9FL;Medium;High;High;Medium;Low;Farmland;LT
DEBWL0010004I7ToFL;High;High;High;Low;High;Greenland;T
DEBWL0010004I7luFL;Low;Low;High;High;Medium;Farmland;sL
DEBWL0010004I83hFL;High;High;High;Medium;Medium;Greenland;T
DEBWL0010004I6V8FL;Medium;High;High;High;Medium;Greenland;T
DEBWL0010004I7lxFL;High;Medium;High;Medium;Medium;Farmland;Unknown
DEBWL0010004I83kFL;Medium;Medium;High;High;Medium;Farmland;LT
DEBWL0010004I6VBFL;Medium;High;High;High;Low;Farmland;Unknown
DEBWL0010004I7C4FL;Medium;High;High;Medium;Low;Greenland;T
DEBWL0010004I7TqFL;High;High;High;Medium;Medium;Greenland;Unknown
DEBWL0010004I7lwFL;High;High;High;High;Medium;Farmland;L
DEBWL0010004I83yFL;Medium;High;High;High;Medium;Greenland;T
DEBWL0010004I83jFL;High;High;High;Medium;Medium;Greenland;T
DEBWL0010004I6VAFL;High;Medium;High;High;High;Farmland;Unknown
DEBWL0010004I7liFL;Medium;Medium;High;High;Medium;Farmland;L
DEBWL0010004I83XFL;Medium;High;High;High;Medium;Greenland;T
DEBWL0010004I6UyFL;High;High;High;Low;Low;Greenland;T
DEBWL0010004I7TdFL;High;High;High;Low;High;Greenland;T
DEBWL0010004I7lhFL;High;Medium;High;High;Medium;Farmland;L
DEBWL0010004I83WFL;Medium;High;High;High;Medium;Greenland;T
DEBWL0010004I6UxFL;Medium;Medium;High;High;Low;Farmland;LT
DEBWL0010004I7TcFL;High;High;High;Low;Medium;Greenland;Unknown
DEBWL0010004I7llFL;Medium;Medium;High;High;Medium;Farmland;L
DEBWL0010004I7TfFL;High;High;High;Low;High;Greenland;T
DEBWL0010004I83ZFL;Medium;High;High;High;Medium;Greenland;T
DEBWL0010004I6V0FL;High;High;High;Medium;Low;Greenland;Unknown
DEBWL0010004I7BqFL;Low;Medium;Low;High;High;Greenland;L
DEBWL0010004I7ljFL;Medium;Medium;High;Medium;Medium;Farmland;Unknown
DEBWL0010004I6UzFL;Medium;High;High;High;Medium;Greenland;T
DEBWL0010004I7TeFL;High;High;High;Low;Medium;Greenland;Unknown
DEBWL0010004I6V2FL;High;High;High;Medium;Low;Greenland;Unknown
DEBWL0010004I7BuFL;Low;Medium;Low;High;High;Greenland;L
DEBWL0010004I7ThFL;High;High;High;Low;Medium;Greenland;T
DEBWL0010004I83bFL;Medium;High;High;Medium;Low;Farmland;LT
DEBWL0010004I7lmFL;High;Medium;High;High;Medium;Farmland;L
DEBWL0010004I6V1FL;Medium;High;High;High;Medium;Greenland;T
DEBWL0010004I7TgFL;High;High;High;Low;High;Greenland;T
DEBWL0010004I83aFL;High;High;High;High;Medium;Greenland;T
DEBWL0010004I7TjFL;High;High;High;Low;Medium;Greenland;T
DEBWL0010004I83dFL;Medium;High;High;High;Medium;Farmland;Unknown
DEBWL0010004I6V3FL;Medium;High;High;High;Medium;Greenland;Unknown
DEBWL0010004I7TiFL;High;High;High;Low;High;Greenland;T
DEBWL0010004I7loFL;Low;Medium;High;High;High;Farmland;sL
DEBWL0010004I83cFL;High;High;High;High;Medium;Greenland;T
DEBWL0010004I7qZFL;High;High;High;Low;Medium;Greenland;Unknown
DEBWL0010004I83PFL;Medium;High;High;High;High;Farmland;LT
DEBWL0010004I6UrFL;Medium;High;High;High;Medium;Greenland;T
DEBWL0010004I7laFL;Medium;Medium;High;High;Medium;Farmland;L
DEBWL0010004I83OFL;High;High;High;Medium;Medium;Greenland;Unknown
DEBWL0010004I6UqFL;Medium;Low;High;High;Medium;Farmland;LT
DEBWL0010004I7lZFL;Low;Low;High;High;Low;Greenland;T
DEBWL0010004I83RFL;Medium;High;High;Low;Medium;Greenland;T
DEBWL0010004I6UtFL;Medium;High;High;Low;Low;Greenland;T
DEBWL0010004I7BjFL;Low;Medium;Low;High;High;Greenland;L
DEBWL0010004I7lcFL;Medium;Medium;High;High;Medium;Farmland;Unknown
DEBWL0010004I83QFL;High;High;High;Medium;Medium;Greenland;T
DEBWL0010004I7lbFL;Low;Low;High;High;High;Farmland;sL
DEBWL0010004I83TFL;Medium;High;High;Medium;Medium;Greenland;T
DEBWL0010004I7leFL;Medium;Medium;High;High;Medium;Farmland;L
DEBWL0010004I83SFL;Medium;High;High;Medium;Medium;Greenland;T
DEBWL0010004I6UuFL;Medium;High;High;High;Medium;Greenland;Unknown
DEBWL0010004I7ldFL;Low;Low;High;High;High;Farmland;sL
DEBWL0010004I7lgFL;Medium;Medium;High;High;Medium;Farmland;L
DEBWL0010004I83VFL;Medium;High;High;High;Medium;Greenland;T
DEBWL0010004I6UwFL;Medium;High;High;High;Medium;Greenland;Unknown
DEBWL0010004I7TbFL;High;High;High;Low;High;Greenland;T
DEBWL0010004I83UFL;Medium;Medium;High;High;High;Farmland;Unknown
DEBWL0010004I6UvFL;Medium;High;High;High;High;Greenland;T
DEBWL0010004I7lfFL;Medium;Medium;High;Medium;Medium;Farmland;Unknown
DEBWL0010004I7TaFL;High;High;High;Low;High;Greenland;T
DEBWL0010004I83IFL;Medium;Medium;High;High;High;Farmland;Unknown
DEBWL0010004I7lTFL;Medium;Medium;High;High;Medium;Farmland;Unknown
DEBWL0010004I6UjFL;Medium;High;High;High;Medium;Greenland;Unknown
DEBWL0010004I83HFL;High;High;High;Medium;Medium;Greenland;Unknown
DEBWL0010004I6UiFL;Medium;High;High;Medium;Low;Greenland;Unknown
DEBWL0010004I7lSFL;Medium;High;High;High;Medium;Farmland;Unknown
DEBWL0010004I7lVFL;Medium;Medium;High;High;Medium;Farmland;Unknown
DEBWL0010004I83KFL;High;High;High;Low;Medium;Greenland;T
DEBWL0010004I7BXFL;Low;Medium;Low;High;High;Greenland;L
DEBWL0010004I7TOFL;High;High;High;Low;Medium;Greenland;Unknown
DEBWL0010004I6UlFL;Medium;High;High;Medium;Low;Greenland;Unknown
DEBWL0010004I7lUFL;Medium;Medium;High;High;Medium;Farmland;Unknown
DEBWL0010004I83JFL;High;High;High;Medium;Medium;Greenland;Unknown
DEBWL0010004I7TNFL;High;High;High;Low;Medium;Greenland;Unknown
DEBWL0010004I6UkFL;Medium;Medium;High;High;Medium;Farmland;LT
DEBWL0010004I7TQFL;High;High;High;Low;Medium;Greenland;Unknown
DEBWL0010004I7lWFL;Low;Low;High;High;Low;Greenland;T
DEBWL0010004I6UnFL;Medium;High;High;Low;Low;Greenland;Unknown
DEBWL0010004I7TPFL;High;High;High;Low;Medium;Greenland;Unknown
DEBWL0010004I83LFL;Medium;High;High;High;Medium;Farmland;Unknown
DEBWL0010004I6UmFL;Medium;Medium;High;High;Medium;Farmland;LT
DEBWL0010004I6UpFL;Medium;High;High;High;High;Greenland;T
DEBWL0010004I7TRFL;High;High;High;Low;Medium;Greenland;L
DEBWL0010004I83NFL;Medium;High;High;High;High;Farmland;Unknown
DEBWL0010004I7lYFL;Low;High;High;High;High;Farmland;sL
DEBWL0010004I6UoFL;Medium;High;Medium;High;Medium;Greenland;Unknown
DEBWL0010004I7lXFL;Medium;Medium;High;High;Medium;Farmland;Unknown
DEBWL0010004I83MFL;Medium;High;High;High;High;Farmland;Unknown
DEBWL0010004I6WWFL;Medium;High;High;High;High;Greenland;T
DEBWL0010004I7VQFL;Medium;High;High;Low;Low;Greenland;T
DEBWL0010004I7nWFL;Medium;High;High;High;High;Greenland;T
DEBWL0010004I6WVFL;Low;Low;High;High;High;Farmland;L
DEBWL0010004I7VPFL;Medium;High;High;Medium;High;Greenland;T
DEBWL0010004I7nVFL;Medium;High;High;High;High;Greenland;T
DEBWL0010004I6WYFL;Low;Medium;High;High;High;Farmland;L
DEBWL0010004I7DcFL;Medium;High;High;High;Medium;Greenland;LT
DEBWL0010004I85TFL;Low;Low;Low;High;High;Farmland;sL
DEBWL0010004I754FL;Low;Medium;Medium;High;High;Farmland;L
DEBWL0010004I7VSFL;Medium;High;High;High;Medium;Greenland;Unknown
DEBWL0010004I6WXFL;Low;Low;High;High;High;Farmland;L
DEBWL0010004I7VRFL;Medium;Medium;High;High;Medium;Farmland;Unknown
DEBWL0010004I7nYFL;Medium;High;High;High;High;Greenland;Unknown
DEBWL0010004I85SFL;Medium;High;Medium;High;High;Greenland;L
DEBWL0010004I7VUFL;High;High;High;Low;Low;Greenland;T
DEBWL0010004I6WaFL;Medium;High;High;Medium;Medium;Greenland;T
DEBWL0010004I7DeFL;Medium;High;High;High;Medium;Greenland;LT
DEBWL0010004I7nbFL;High;High;High;High;High;Greenland;T
DEBWL0010004I85WFL;Low;Low;Low;High;High;Farmland;sL
DEBWL0010004I7VTFL;Medium;High;High;Medium;Low;Greenland;T
DEBWL0010004I6WZFL;Medium;High;High;High;High;Greenland;Unknown
DEBWL0010004I7naFL;High;High;High;High;Medium;Greenland;T
DEBWL0010004I85UFL;Low;Low;Low;High;High;Greenland;L
DEBWL0010004I7VXFL;Low;High;Medium;High;High;Greenland;T
DEBWL0010004I7kwFL;Medium;High;High;High;High;Farmland;L
DEBWL0010004I7ndFL;High;Medium;High;High;High;Farmland;T
DEBWL0010004I7VWFL;Medium;High;High;High;High;Greenland;T
DEBWL0010004I6WbFL;High;High;High;Medium;Low;Farmland;Unknown
DEBWL0010004I7kzFL;Medium;Medium;High;High;High;Farmland;L
DEBWL0010004I7ncFL;High;Low;High;High;High;Greenland;T
DEBWL0010004I85HFL;Medium;Medium;High;High;Low;Farmland;Unknown
DEBWL0010004I7DQFL;Medium;Medium;High;High;High;Greenland;L
DEBWL0010004I7nOFL;High;High;High;High;High;Greenland;Unknown
DEBWL0010004I85GFL;Medium;High;High;High;Low;Greenland;Unknown
DEBWL0010004I7DPFL;Medium;Medium;Medium;High;Medium;Farmland;LT
DEBWL0010004I7VEFL;Medium;High;High;High;High;Farmland;Unknown
DEBWL0010004I7nNFL;High;High;High;High;High;Greenland;T
DEBWL0010004I6WQFL;High;High;High;Medium;Medium;Greenland;T
DEBWL0010004I7DSFL;Medium;High;High;High;Medium;Farmland;Unknown
DEBWL0010004I7VKFL;Medium;High;High;Medium;High;Greenland;Unknown
DEBWL0010004I7nQFL;High;Medium;High;High;High;Greenland;T
DEBWL0010004I6WPFL;High;High;High;Medium;Medium;Greenland;T
DEBWL0010004I85IFL;Medium;High;High;High;Low;Greenland;T
DEBWL0010004I7DRFL;Medium;Low;Medium;High;Medium;Farmland;LT
DEBWL0010004I7nPFL;Medium;High;High;High;High;Greenland;T
DEBWL0010004I7VJFL;Medium;High;High;High;High;Farmland;Unknown
DEBWL0010004I85MFL;Medium;High;High;High;Low;Greenland;T
DEBWL0010004I6WSFL;Medium;Medium;High;High;Medium;Greenland;T
DEBWL0010004I7DUFL;Medium;High;High;High;Medium;Greenland;Unknown
DEBWL0010004I7VMFL;Medium;High;High;High;High;Farmland;LT
DEBWL0010004I7nSFL;High;High;High;High;High;Greenland;T
DEBWL0010004I6WRFL;Medium;High;High;High;High;Greenland;Unknown
DEBWL0010004I7nRFL;Medium;High;High;High;High;Greenland;T
DEBWL0010004I7DTFL;Medium;Medium;High;High;Medium;Greenland;Unknown
DEBWL0010004I7DXFL;Medium;Low;High;High;Low;Greenland;L
DEBWL0010004I85OFL;Medium;High;High;High;Low;Greenland;Unknown
DEBWL0010004I6WUFL;High;High;High;High;High;Greenland;T
DEBWL0010004I7nUFL;Medium;High;High;High;High;Greenland;T
DEBWL0010004I7KFFL;High;High;High;High;Medium;Greenland;Unknown
DEBWL0010004I7DVFL;Medium;Medium;High;High;Medium;Farmland;Unknown
DEBWL0010004I85NFL;Medium;High;High;Medium;Low;Greenland;T
DEBWL0010004I6WTFL;Low;Low;High;High;High;Farmland;L
DEBWL0010004I7nTFL;Medium;High;High;High;High;Greenland;T
DEBWL0010004I6VjFL;High;High;High;Medium;Low;Farmland;LT
DEBWL0010004I6VWFL;Medium;Medium;High;High;High;Greenland;Unknown
DEBWL0010004I7nFFL;High;Medium;High;High;High;Greenland;T
DEBWL0010004I859FL;Medium;Medium;High;High;High;Greenland;Unknown
DEBWL0010004I6WGFL;Medium;High;High;High;High;Greenland;Unknown
DEBWL0010004I7DJFL;Medium;High;High;High;Low;Farmland;LT
DEBWL0010004I7V7FL;Low;High;High;High;Low;Greenland;T
DEBWL0010004I7nCFL;Medium;High;High;High;Medium;Greenland;T
DEBWL0010004I6UsFL;Medium;Medium;High;High;Low;Farmland;LT
DEBWL0010004I6WFFL;Medium;Medium;High;High;Medium;Farmland;LT
DEBWL0010004I7DIFL;Medium;Medium;Medium;High;High;Farmland;Unknown
DEBWL0010004I7V6FL;Low;Low;High;High;Low;Greenland;Unknown
DEBWL0010004I6WIFL;Medium;High;High;High;High;Greenland;Unknown
DEBWL0010004I7DLFL;Medium;High;High;High;Medium;Farmland;Unknown
DEBWL0010004I7nIFL;High;High;High;High;Medium;Greenland;T
DEBWL0010004I85BFL;Medium;High;High;High;Low;Greenland;Unknown
DEBWL0010004I7V9FL;Low;Low;High;High;Low;Greenland;T
DEBWL0010004I6WHFL;Low;Medium;High;High;High;Greenland;Unknown
DEBWL0010004I7nGFL;High;Medium;High;High;Medium;Greenland;T
DEBWL0010004I85AFL;Low;Medium;Medium;High;High;Greenland;Unknown
DEBWL0010004I7DKFL;Medium;Medium;Medium;High;High;Farmland;Unknown
DEBWL0010004I6WKFL;High;High;High;Medium;High;Greenland;T
DEBWL0010004I85DFL;Medium;High;High;High;Low;Greenland;Unknown
DEBWL0010004I7DMFL;Medium;Medium;Medium;High;High;Farmland;Unknown
DEBWL0010004I6WJFL;Low;Low;High;High;High;Farmland;L
DEBWL0010004I7VAFL;High;High;High;High;High;Greenland;T
DEBWL0010004I7DOFL;Medium;Medium;High;High;High;Greenland;L
DEBWL0010004I7VDFL;High;High;High;High;Medium;Farmland;LT
DEBWL0010004I7nMFL;Medium;High;High;High;High;Greenland;T
DEBWL0010004I85FFL;Medium;High;High;High;Low;Greenland;Unknown
DEBWL0010004I6VZFL;Medium;High;High;High;High;Greenland;Unknown
DEBWL0010004I6WLFL;High;High;High;Medium;Medium;Greenland;T
DEBWL0010004I7DNFL;Medium;Medium;Medium;High;Medium;Farmland;Unknown
DEBWL0010004I7kYFL;Medium;Medium;High;High;High;Farmland;L
DEBWL0010004I85EFL;Medium;High;High;High;Low;Greenland;T
DEBWL0010004I7n4FL;High;Medium;High;High;High;Farmland;T
DEBWL0010004I6W9FL;Medium;High;High;High;Medium;Greenland;Unknown
DEBWL0010004I7DCFL;Medium;High;Medium;High;High;Greenland;L
DEBWL0010004I850FL;High;High;High;Low;Medium;Greenland;T
DEBWL0010004I7UzFL;Medium;High;High;High;Low;Greenland;Unknown
DEBWL0010004I6W8FL;High;High;High;High;High;Greenland;Unknown
DEBWL0010004I7n3FL;High;High;High;High;High;Greenland;T
DEBWL0010004I7DBFL;Medium;High;High;High;Low;Greenland;T
DEBWL0010004I7DpFL;Medium;Low;Medium;High;High;Farmland;L
DEBWL0010004I7n6FL;High;Medium;High;High;High;Farmland;T
DEBWL0010004I7DEFL;Medium;High;Medium;High;High;Farmland;Unknown
DEBWL0010004I852FL;High;High;High;Low;Medium;Greenland;T
DEBWL0010004I6WAFL;Medium;High;High;Medium;Medium;Greenland;T
DEBWL0010004I7n5FL;High;High;High;High;High;Greenland;T
DEBWL0010004I7DDFL;Medium;High;High;High;Low;Greenland;T
DEBWL0010004I7DnFL;Medium;Medium;Medium;High;High;Greenland;L
DEBWL0010004I6WBFL;High;High;High;High;Low;Greenland;T
DEBWL0010004I7nAFL;High;High;High;High;Medium;Greenland;T
DEBWL0010004I7n9FL;High;Medium;High;High;High;Farmland;T
DEBWL0010004I7V3FL;Low;Low;Medium;High;Low;Greenland;Unknown
DEBWL0010004I6WCFL;Medium;High;High;Medium;Medium;Greenland;T
DEBWL0010004I7DFFL;Medium;High;High;High;Low;Greenland;T
DEBWL0010004I7n8FL;High;High;High;High;High;Greenland;T
DEBWL0010004I7nBFL;Medium;High;High;High;Medium;Greenland;T
DEBWL0010004I7DHFL;Medium;High;High;High;Low;Greenland;Unknown
DEBWL0010004I7IJFL;Medium;Medium;Low;High;High;Greenland;L
DEBWL0010004I6WEFL;Medium;High;High;High;Medium;Greenland;Unknown
DEBWL0010004I7V5FL;Low;Medium;High;High;Low;Greenland;T
DEBWL0010004I86cFL;Medium;Medium;Low;High;High;Greenland;LT
DEBWL0010004I6WDFL;High;High;High;Low;Low;Greenland;Unknown
DEBWL0010004I7DGFL;Medium;High;High;High;Low;Greenland;Unknown
DEBWL0010004I7V4FL;Low;Low;Medium;High;Low;Greenland;T
DEBWL0010004I6W2FL;High;Medium;High;High;High;Farmland;Unknown
DEBWL0010004I7D4FL;Medium;Low;Low;High;High;Greenland;L
DEBWL0010004I7UsFL;Medium;High;High;High;Medium;Farmland;Unknown
DEBWL0010004I7mwFL;Medium;Medium;High;High;High;Greenland;Unknown
DEBWL0010004I6W1FL;Medium;High;High;High;Low;Greenland;Unknown
DEBWL0010004I7UrFL;Medium;Medium;High;High;Low;Greenland;T
DEBWL0010004I7mvFL;High;High;High;High;High;Greenland;Unknown
DEBWL0010004I6W3FL;Medium;High;High;Medium;Low;Farmland;Unknown
DEBWL0010004I7UtFL;Medium;Medium;High;High;Low;Greenland;T
DEBWL0010004I7myFL;Medium;High;High;High;High;Greenland;Unknown
DEBWL0010004I7D5FL;Medium;Low;Low;High;Medium;Greenland;T
DEBWL0010004I7UvFL;Medium;High;High;High;Medium;Farmland;Unknown
DEBWL0010004I6W5FL;Medium;Medium;High;Medium;Low;Farmland;LT
DEBWL0010004I7mzFL;Medium;High;High;High;High;Farmland;T
DEBWL0010004I7D7FL;Medium;Medium;High;High;Medium;Greenland;LT
DEBWL0010004I7UuFL;Medium;High;High;Medium;Low;Greenland;T
DEBWL0010004I6W4FL;High;Medium;High;High;High;Farmland;Unknown
DEBWL0010004I6W7FL;Medium;High;High;High;Low;Farmland;LT
DEBWL0010004I7DAFL;Medium;Low;Medium;High;High;Greenland;L
DEBWL0010004I7UxFL;Medium;High;High;High;Medium;Farmland;LT
DEBWL0010004I7n1FL;High;Low;High;High;High;Farmland;T
DEBWL0010004I7D9FL;Medium;High;High;High;Medium;Greenland;LT
DEBWL0010004I7UwFL;Medium;High;High;High;Medium;Farmland;LT
DEBWL0010004I6W6FL;High;Medium;High;High;High;Farmland;Unknown
DEBWL0010004I84hFL;High;High;High;Low;Medium;Greenland;T
DEBWL0010004I7mpFL;Medium;High;High;High;High;Greenland;Unknown
DEBWL0010004I6VvFL;Medium;High;High;Medium;Low;Farmland;Unknown
DEBWL0010004I84gFL;High;High;High;Low;Medium;Greenland;T
DEBWL0010004I7moFL;Medium;High;High;High;High;Greenland;T
DEBWL0010004I7CuFL;Low;Low;High;High;Medium;Greenland;Unknown
DEBWL0010004I6VuFL;High;Medium;High;High;High;Farmland;Unknown
DEBWL0010004I7CyFL;Low;Medium;High;High;Medium;Greenland;T
DEBWL0010004I84jFL;High;High;High;Low;Medium;Greenland;Unknown
DEBWL0010004I7OnFL;High;High;High;Low;Medium;Greenland;T
DEBWL0010004I7mrFL;High;Medium;High;High;High;Farmland;Unknown
DEBWL0010004I7CxFL;Low;Low;High;High;Medium;Greenland;T
DEBWL0010004I6VwFL;High;Medium;High;High;Medium;Farmland;Unknown
DEBWL0010004I7mqFL;Medium;High;High;High;High;Greenland;T
DEBWL0010004I7mtFL;High;High;High;High;High;Greenland;Unknown
DEBWL0010004I7D0FL;Medium;Low;Low;High;High;Greenland;T
DEBWL0010004I6VyFL;Medium;High;High;Medium;Low;Farmland;Unknown
DEBWL0010004I7msFL;Medium;High;High;High;High;Greenland;Unknown
DEBWL0010004I6VxFL;High;Medium;High;High;High;Farmland;Unknown
DEBWL0010004I6W0FL;Medium;High;High;High;Medium;Greenland;Unknown
DEBWL0010004I7muFL;High;High;High;High;High;Greenland;Unknown
DEBWL0010004I7D1FL;Medium;Low;Low;High;High;Greenland;Unknown
DEBWL0010004I6VzFL;High;Medium;High;High;Medium;Farmland;Unknown
DEBWL0010004I7mhFL;Medium;High;High;High;High;Farmland;T
DEBWL0010004I7UZFL;Low;Medium;High;High;Medium;Farmland;Unknown
DEBWL0010004I6VnFL;Medium;High;High;High;Medium;Greenland;T
DEBWL0010004I7mgFL;Medium;High;High;High;High;Farmland;T
DEBWL0010004I7UYFL;Low;Medium;High;High;Medium;Greenland;Unknown
DEBWL0010004I6VpFL;High;High;High;Medium;Low;Greenland;Unknown
DEBWL0010004I7miFL;Medium;High;High;High;High;Farmland;T
DEBWL0010004I84YFL;High;High;High;Low;Low;Farmland;Unknown
DEBWL0010004I7CmFL;High;High;High;Low;Low;Greenland;T
DEBWL0010004I84bFL;Medium;High;High;High;Low;Farmland;L
DEBWL0010004I7CrFL;Medium;Low;High;High;Medium;Greenland;T
DEBWL0010004I6VrFL;Medium;High;High;Medium;Low;Farmland;LT
DEBWL0010004I6VqFL;Medium;High;High;High;Medium;Greenland;T
DEBWL0010004I7CqFL;Low;Low;High;High;Medium;Greenland;Unknown
DEBWL0010004I7mnFL;Medium;High;High;High;High;Greenland;T
DEBWL0010004I6VtFL;High;Medium;High;High;Medium;Farmland;Unknown
DEBWL0010004I84aFL;High;High;High;High;Low;Greenland;T
DEBWL0010004I84cFL;Medium;Medium;High;High;Medium;Farmland;LT
DEBWL0010004I6VsFL;Medium;High;High;High;Low;Greenland;T
DEBWL0010004I7CeFL;Medium;Medium;High;High;Low;Greenland;T
DEBWL0010004I7mYFL;High;Medium;High;High;High;Farmland;T
DEBWL0010004I7UQFL;Low;Medium;High;High;Low;Farmland;LT
DEBWL0010004I84OFL;Medium;High;High;High;Medium;Greenland;T
DEBWL0010004I6VgFL;High;High;High;High;Medium;Greenland;Unknown
DEBWL0010004I7CdFL;Medium;High;High;High;Low;Greenland;T
DEBWL0010004I6VfFL;Medium;High;High;Medium;Low;Farmland;Unknown
DEBWL0010004I6XWFL;Low;Low;High;High;High;Farmland;T
DEBWL0010004I84MFL;Medium;High;High;High;Low;Greenland;T
DEBWL0010004I7UPFL;Low;Low;High;High;Low;Greenland;T
DEBWL0010004I6XbFL;Low;Medium;High;High;High;Farmland;L
DEBWL0010004I7CgFL;Medium;Medium;High;High;Low;Greenland;Unknown
DEBWL0010004I7UTFL;Medium;Medium;High;High;Medium;Greenland;LT
DEBWL0010004I84QFL;Medium;High;High;High;High;Greenland;T
DEBWL0010004I6ViFL;High;Medium;High;High;High;Farmland;Unknown
DEBWL0010004I7mZFL;High;High;High;High;High;Greenland;T
DEBWL0010004I84PFL;Medium;High;High;High;Medium;Greenland;T
DEBWL0010004I6VhFL;Medium;High;High;Medium;Low;Farmland;LT
DEBWL0010004I6VkFL;High;Medium;High;High;High;Farmland;Unknown
DEBWL0010004I7UVFL;Low;Low;High;High;Low;Greenland;T
DEBWL0010004I84SFL;Low;Medium;High;High;High;Greenland;T
DEBWL0010004I7CkFL;Medium;High;High;High;Low;Greenland;Unknown
DEBWL0010004I7UUFL;Low;Medium;High;High;Medium;Farmland;LT
DEBWL0010004I84RFL;Low;Medium;High;High;High;Greenland;T
DEBWL0010004I7mfFL;Medium;High;High;High;High;Farmland;T
DEBWL0010004I7UXFL;Low;Low;High;High;Low;Farmland;Unknown
DEBWL0010004I7meFL;Medium;High;High;High;High;Farmland;T
DEBWL0010004I7CjFL;Medium;High;High;High;Low;Greenland;T
DEBWL0010004I7EfFL;Medium;Medium;High;Low;Low;Farmland;Unknown
DEBWL0010004I7dgFL;High;High;High;Low;Medium;Greenland;Unknown
DEBWL0010004I6XVFL;Low;Low;High;High;Medium;Farmland;Unknown
DEBWL0010004I7WSFL;Low;Low;High;High;High;Farmland;T
DEBWL0010004I7EeFL;Medium;Medium;High;High;Low;Greenland;Unknown
DEBWL0010004I6NaFL;Medium;Medium;High;High;High;Greenland;T
DEBWL0010004I6XYFL;Low;Low;High;High;High;Farmland;T
DEBWL0010004I7EhFL;Medium;Low;High;High;Medium;Farmland;LT
DEBWL0010004I7WWFL;Medium;Medium;High;High;Medium;Greenland;T
DEBWL0010004I7EgFL;Medium;Low;High;High;Medium;Farmland;LT
DEBWL0010004I7WVFL;Medium;Low;High;High;Medium;Greenland;T
DEBWL0010004I6XaFL;Medium;High;High;High;High;Greenland;Unknown
DEBWL0010004I7EjFL;Medium;Medium;High;High;Low;Farmland;LT
DEBWL0010004I86aFL;Medium;Low;Low;High;High;Greenland;L
DEBWL0010004I7WYFL;Low;Medium;High;High;High;Farmland;LT
DEBWL0010004I6XZFL;Medium;Low;High;High;Medium;Farmland;LT
DEBWL0010004I7EiFL;Medium;Medium;High;High;Low;Farmland;LT
DEBWL0010004I7WXFL;Low;Low;Medium;High;High;Farmland;T
DEBWL0010004I7EkFL;Medium;Medium;High;Low;Low;Farmland;L
DEBWL0010004I86bFL;Medium;Low;Low;High;High;Greenland;L
DEBWL0010004I7ElFL;Medium;Medium;High;High;Low;Farmland;Unknown
DEBWL0010004I86dFL;Medium;Low;Low;High;High;Greenland;T
DEBWL0010004I7WaFL;Medium;High;High;High;Low;Farmland;Unknown
DEBWL0010004I6XcFL;Low;Low;High;High;High;Farmland;L
DEBWL0010004I7DWFL;Medium;Medium;High;High;Low;Farmland;LT
DEBWL0010004I7WZFL;Medium;Medium;High;High;Medium;Farmland;Unknown
DEBWL0010004I7EXFL;Medium;High;High;High;Medium;Greenland;Unknown
DEBWL0010004I7WKFL;Medium;Medium;High;High;Medium;Farmland;LT
DEBWL0010004I6XMFL;Low;Low;Medium;Medium;Medium;Greenland;T
DEBWL0010004I7oWFL;Medium;Low;High;High;Low;Farmland;Unknown
DEBWL0010004I86MFL;Medium;High;High;High;High;Greenland;T
DEBWL0010004I7WJFL;Low;Low;Medium;High;High;Farmland;Unknown
DEBWL0010004I6XQFL;Medium;High;High;High;High;Greenland;T
DEBWL0010004I86PFL;Medium;High;High;High;High;Greenland;Unknown
DEBWL0010004I7EZFL;High;High;High;High;Medium;Greenland;Unknown
DEBWL0010004I7oYFL;Low;Medium;High;High;High;Farmland;sL
DEBWL0010004I7WMFL;Low;Low;Medium;High;High;Farmland;T
DEBWL0010004I7oXFL;Low;Low;High;High;High;Farmland;sL
DEBWL0010004I6XTFL;Medium;High;High;High;High;Greenland;T
DEBWL0010004I6XPFL;Low;Low;High;High;High;Greenland;Unknown
DEBWL0010004I6XSFL;Low;Low;High;High;High;Greenland;T
DEBWL0010004I7EbFL;Medium;High;High;High;Low;Greenland;L
DEBWL0010004I7WOFL;Medium;Medium;High;High;High;Farmland;LT
DEBWL0010004I6XRFL;Medium;High;High;High;Medium;Greenland;T
DEBWL0010004I86GFL;High;High;High;Medium;Medium;Greenland;Unknown
DEBWL0010004I7oZFL;Medium;High;Medium;High;Low;Farmland;Unknown
DEBWL0010004I7EaFL;Medium;High;High;High;Low;Greenland;L
DEBWL0010004I7WNFL;Medium;Low;High;High;High;Greenland;T
DEBWL0010004I6XUFL;Medium;Low;High;High;Medium;Greenland;T
DEBWL0010004I7EdFL;Medium;Medium;High;Medium;Low;Greenland;Unknown
DEBWL0010004I7EcFL;Medium;Medium;High;High;Low;Greenland;L
DEBWL0010004I7oPFL;Medium;Low;High;High;Low;Farmland;Unknown
DEBWL0010004I86FFL;High;High;High;High;Medium;Greenland;Unknown
DEBWL0010004I6XFFL;Low;Low;Medium;Medium;Medium;Greenland;T
DEBWL0010004I7oOFL;Low;Medium;High;High;High;Farmland;sL
DEBWL0010004I7WCFL;Low;Low;High;High;Medium;Farmland;Unknown
DEBWL0010004I6XGFL;Medium;High;High;High;High;Greenland;T
DEBWL0010004I6XEFL;Low;Low;High;High;Medium;Farmland;T
DEBWL0010004I7EOFL;Medium;High;High;High;Medium;Greenland;Unknown
DEBWL0010004I86HFL;High;High;High;High;Medium;Greenland;T
DEBWL0010004I7WFFL;Medium;High;High;High;High;Greenland;Unknown
DEBWL0010004I7oRFL;Low;Low;High;High;High;Farmland;sL
DEBWL0010004I6XHFL;Medium;High;High;High;High;Greenland;T
DEBWL0010004I7ERFL;Medium;High;High;High;Medium;Greenland;T
DEBWL0010004I7oQFL;Low;Low;High;High;High;Farmland;sL
DEBWL0010004I7WHFL;Low;Low;High;High;Medium;Greenland;Unknown
DEBWL0010004I86JFL;High;High;High;Medium;Medium;Greenland;T
DEBWL0010004I7oTFL;Medium;Low;High;High;Low;Farmland;Unknown
DEBWL0010004I6XJFL;Low;Low;High;High;Medium;Greenland;Unknown
DEBWL0010004I7ETFL;Medium;High;High;High;Medium;Greenland;T
DEBWL0010004I7WGFL;Medium;High;High;High;High;Greenland;T
DEBWL0010004I86IFL;High;High;High;High;Medium;Greenland;T
DEBWL0010004I7EVFL;Medium;High;High;High;High;Greenland;T
DEBWL0010004I7oSFL;Medium;Low;High;High;Low;Farmland;L
DEBWL0010004I6XIFL;Medium;High;High;High;High;Greenland;T
DEBWL0010004I6X7FL;Medium;Medium;High;High;Medium;Greenland;T
DEBWL0010004I6XLFL;Medium;High;High;High;Medium;Greenland;T
DEBWL0010004I7oVFL;Medium;Low;High;High;Low;Farmland;L
DEBWL0010004I86LFL;Low;High;High;High;High;Greenland;T
DEBWL0010004I7WIFL;Low;Low;Medium;High;High;Farmland;Unknown
DEBWL0010004I6XKFL;Low;Low;Medium;High;Medium;Farmland;T
DEBWL0010004I7oUFL;Low;Low;High;High;High;Farmland;sL
DEBWL0010004I86uFL;Medium;High;High;High;Medium;Greenland;T
DEBWL0010004I7EUFL;Medium;High;High;High;Medium;Greenland;Unknown
DEBWL0010004I867FL;Medium;Low;Low;High;High;Greenland;L
DEBWL0010004I7EHFL;Medium;High;High;Low;Low;Greenland;L
DEBWL0010004I7W5FL;Medium;High;High;High;High;Greenland;T
DEBWL0010004I866FL;Medium;Medium;Low;High;High;Greenland;L
DEBWL0010004I7EGFL;Medium;Medium;High;Medium;Low;Greenland;L
DEBWL0010004I7W4FL;Medium;High;High;High;Medium;Greenland;T
DEBWL0010004I6XAFL;Medium;High;High;High;High;Greenland;Unknown
DEBWL0010004I7W7FL;Medium;High;High;High;Medium;Greenland;T
DEBWL0010004I869FL;Medium;Low;Low;High;High;Greenland;L
DEBWL0010004I6X9FL;Medium;High;High;High;High;Farmland;LT
DEBWL0010004I868FL;Medium;High;Low;High;Medium;Greenland;T
DEBWL0010004I7EIFL;Medium;Medium;High;Low;Low;Farmland;L
DEBWL0010004I7W6FL;High;High;High;Medium;Low;Greenland;Unknown
DEBWL0010004I6XCFL;Low;Low;High;High;Medium;Greenland;Unknown
DEBWL0010004I7W9FL;High;High;High;High;Low;Greenland;Unknown
DEBWL0010004I86BFL;High;High;High;High;Medium;Greenland;T
DEBWL0010004I7ELFL;Medium;High;High;High;Medium;Greenland;T
DEBWL0010004I7ENFL;Medium;High;High;High;Medium;Greenland;T
DEBWL0010004I6XBFL;Low;Low;High;High;Medium;Farmland;T
DEBWL0010004I7W8FL;Medium;High;High;High;Medium;Greenland;T
DEBWL0010004I86AFL;High;High;High;Medium;Medium;Greenland;T
DEBWL0010004I86DFL;High;High;High;High;High;Greenland;T
DEBWL0010004I6XDFL;Medium;High;High;High;High;Greenland;Unknown
DEBWL0010004I7WAFL;Low;Low;Medium;High;Medium;Farmland;T
DEBWL0010004I86CFL;High;High;High;High;High;Greenland;T
DEBWL0010004I7EMFL;Medium;High;High;High;Medium;Greenland;Unknown
DEBWL0010004I6X0FL;Medium;Medium;High;High;High;Greenland;T
DEBWL0010004I7E8FL;Medium;Medium;High;High;Low;Greenland;L
DEBWL0010004I85zFL;Medium;Low;High;High;Medium;Greenland;T
DEBWL0010004I7o4FL;Medium;High;High;High;Medium;Greenland;T
DEBWL0010004I7VwFL;High;High;High;Medium;Medium;Greenland;T
DEBWL0010004I6WzFL;Medium;High;High;High;Low;Greenland;T
DEBWL0010004I7E7FL;Medium;Medium;High;High;Medium;Farmland;LT
DEBWL0010004I85xFL;Medium;High;High;High;Medium;Greenland;T
DEBWL0010004I7VyFL;High;High;High;Medium;High;Farmland;Unknown
DEBWL0010004I6X1FL;Low;Medium;High;High;High;Farmland;L
DEBWL0010004I7E9FL;Medium;Medium;High;High;Medium;Greenland;Unknown
DEBWL0010004I860FL;Low;Low;Low;High;High;Greenland;L
DEBWL0010004I7uAFL;Medium;High;High;Medium;Medium;Farmland;Unknown
DEBWL0010004I7o5FL;Medium;High;High;High;High;Greenland;T
DEBWL0010004I7VxFL;High;High;High;High;High;Farmland;LT
DEBWL0010004I7W0FL;Medium;High;High;High;Medium;Greenland;T
DEBWL0010004I6X4FL;Low;Low;High;High;High;Farmland;L
DEBWL0010004I863FL;Low;Low;Low;High;High;Greenland;L
DEBWL0010004I7ECFL;Medium;Low;High;High;Low;Farmland;Unknown
DEBWL0010004I6X3FL;Medium;Medium;High;High;High;Greenland;T
DEBWL0010004I862FL;Medium;Low;Low;High;High;Greenland;L
DEBWL0010004I7EAFL;Medium;Medium;High;High;Low;Farmland;Unknown
DEBWL0010004I865FL;Low;Medium;Medium;High;High;Greenland;L
DEBWL0010004I7FGFL;Low;Medium;Medium;High;High;Greenland;Unknown
DEBWL0010004I7EFFL;Medium;Medium;High;High;Low;Greenland;L
DEBWL0010004I7W3FL;Medium;High;High;Medium;Low;Farmland;LT
DEBWL0010004I6X5FL;Medium;Medium;High;High;Medium;Greenland;T
DEBWL0010004I864FL;Low;Low;Low;High;High;Greenland;L
DEBWL0010004I7EDFL;Medium;Medium;High;High;Low;Farmland;Unknown
DEBWL0010004I7nwFL;Medium;High;High;High;Medium;Greenland;T
DEBWL0010004I6WsFL;High;Medium;High;High;Medium;Farmland;T
DEBWL0010004I7nvFL;Medium;High;High;High;Medium;Greenland;Unknown
DEBWL0010004I7DyFL;Medium;High;High;High;Low;Greenland;T
DEBWL0010004I85oFL;Medium;Medium;High;Low;Low;Farmland;L
DEBWL0010004I85rFL;High;High;High;High;Medium;Greenland;T
DEBWL0010004I7E0FL;Medium;Medium;High;High;Low;Greenland;L
DEBWL0010004I6WuFL;Medium;High;High;Medium;Low;Farmland;LT
DEBWL0010004I6WtFL;High;Medium;High;High;High;Farmland;Unknown
DEBWL0010004I7DzFL;Medium;Medium;Medium;High;High;Greenland;L
DEBWL0010004I85qFL;Medium;High;High;High;Medium;Greenland;Unknown
DEBWL0010004I7o0FL;High;High;High;High;High;Greenland;Unknown
DEBWL0010004I7E2FL;Medium;Low;High;High;Medium;Farmland;LT
DEBWL0010004I85tFL;Medium;High;High;High;Medium;Greenland;T
DEBWL0010004I6WwFL;Medium;High;High;Medium;Medium;Greenland;T
DEBWL0010004I7VsFL;High;High;High;Medium;High;Farmland;Unknown
DEBWL0010004I7E1FL;Medium;Low;High;High;Medium;Farmland;LT
DEBWL0010004I6WvFL;High;High;High;High;Medium;Greenland;T
DEBWL0010004I6WyFL;High;High;High;High;Low;Farmland;Unknown
DEBWL0010004I7E5FL;Medium;Medium;High;High;Low;Greenland;L
DEBWL0010004I85wFL;Medium;High;High;High;Medium;Greenland;T
DEBWL0010004I7E3FL;Medium;Medium;High;High;Low;Greenland;L
DEBWL0010004I7VtFL;High;High;High;Medium;High;Farmland;Unknown
DEBWL0010004I6WxFL;High;High;High;Low;Low;Greenland;Unknown
DEBWL0010004I7DrFL;Medium;Medium;High;High;High;Greenland;Unknown
DEBWL0010004I7OOFL;High;High;High;Medium;High;Greenland;T
DEBWL0010004I85iFL;Medium;High;High;High;Low;Greenland;L
DEBWL0010004I7VhFL;Low;High;High;High;High;Greenland;T
DEBWL0010004I6WlFL;High;Low;High;High;Medium;Farmland;T
DEBWL0010004I7nnFL;Medium;High;High;High;Medium;Greenland;T
DEBWL0010004I7DqFL;Medium;Low;Medium;High;High;Farmland;L
DEBWL0010004I85hFL;Medium;High;High;High;Low;Greenland;L
DEBWL0010004I7VgFL;Low;High;High;High;Low;Greenland;T
DEBWL0010004I6WkFL;High;High;High;Medium;Low;Farmland;Unknown
DEBWL0010004I7nmFL;High;High;High;High;Medium;Greenland;T
DEBWL0010004I85kFL;Medium;Medium;High;Low;Low;Farmland;Unknown
DEBWL0010004I7VjFL;Low;Low;High;High;Low;Greenland;Unknown
DEBWL0010004I6WnFL;Medium;High;High;Medium;Medium;Greenland;T
DEBWL0010004I7npFL;High;High;High;High;Medium;Greenland;T
DEBWL0010004I85jFL;Medium;Medium;High;High;Medium;Farmland;LT
DEBWL0010004I7ViFL;Low;Low;High;High;Low;Greenland;T
DEBWL0010004I6WmFL;Medium;High;High;High;Medium;Greenland;T
DEBWL0010004I7noFL;Medium;High;High;High;Medium;Greenland;T
DEBWL0010004I85mFL;Medium;Medium;High;High;Low;Farmland;Unknown
DEBWL0010004I6WpFL;Medium;High;High;High;Medium;Greenland;T
DEBWL0010004I7VkFL;Low;Low;High;High;Low;Greenland;Unknown
DEBWL0010004I7nsFL;Medium;High;High;High;Medium;Greenland;T
DEBWL0010004I85lFL;Medium;Medium;High;High;Low;Farmland;Unknown
DEBWL0010004I6WoFL;High;Low;High;High;Medium;Farmland;T
DEBWL0010004I7nqFL;Medium;High;High;High;Medium;Greenland;T
DEBWL0010004I7nuFL;Medium;High;High;High;Medium;Greenland;T
DEBWL0010004I7DxFL;Medium;Medium;Medium;High;High;Greenland;L
DEBWL0010004I6WrFL;High;High;High;Low;Low;Farmland;Unknown
DEBWL0010004I85nFL;Medium;Medium;High;High;Low;Farmland;Unknown
DEBWL0010004I7VmFL;Low;Low;High;High;Low;Greenland;T
DEBWL0010004I7DwFL;Medium;Medium;High;High;Low;Farmland;LT
DEBWL0010004I6WqFL;Medium;High;High;High;Medium;Farmland;LT
DEBWL0010004I7ntFL;High;High;High;High;Medium;Greenland;Unknown
DEBWL0010004I7VlFL;Low;Low;High;High;High;Greenland;Unknown
DEBWL0010004I7VZFL;High;High;High;Medium;Low;Greenland;Unknown
DEBWL0010004I6WdFL;High;High;High;High;Low;Greenland;T
DEBWL0010004I7DhFL;Medium;High;High;High;Medium;Greenland;LT
DEBWL0010004I7nfFL;High;Medium;High;High;High;Greenland;T
DEBWL0010004I7VYFL;Low;High;Low;High;High;Farmland;T
DEBWL0010004I6WcFL;High;Low;High;High;Medium;Farmland;T
DEBWL0010004I7neFL;High;Medium;High;High;High;Farmland;T
DEBWL0010004I7VbFL;Low;Low;High;High;Medium;Greenland;T
DEBWL0010004I6WfFL;High;Low;High;High;Medium;Farmland;T
DEBWL0010004I85cFL;Medium;Medium;Medium;High;High;Farmland;Unknown
DEBWL0010004I7nhFL;High;Medium;High;High;High;Greenland;T
DEBWL0010004I7DjFL;Medium;Medium;High;High;Medium;Greenland;Unknown
DEBWL0010004I87hFL;Low;Medium;Low;Low;Medium;Greenland;T
DEBWL0010004I7VaFL;Low;Low;High;High;Low;Greenland;T
DEBWL0010004I6WeFL;High;High;High;Medium;Low;Farmland;LT
DEBWL0010004I85bFL;Medium;High;High;High;Low;Greenland;T
DEBWL0010004I7ngFL;High;Medium;High;High;High;Farmland;T
DEBWL0010004I7pWFL;Low;Low;High;High;Low;Greenland;T
DEBWL0010004I7VdFL;Low;Low;High;High;Medium;Greenland;T
DEBWL0010004I6WhFL;High;High;High;Medium;Low;Farmland;Unknown
DEBWL0010004I7njFL;High;High;High;High;High;Greenland;T
DEBWL0010004I6TYFL;Medium;High;High;High;High;Greenland;Unknown
DEBWL0010004I85eFL;Medium;High;High;High;Medium;Greenland;Unknown
DEBWL0010004I7VcFL;Low;Medium;High;High;Low;Greenland;T
DEBWL0010004I6WgFL;Medium;High;High;Medium;Medium;Greenland;T
DEBWL0010004I7tNFL;Medium;High;High;High;High;Farmland;LT
DEBWL0010004I7niFL;High;Medium;High;High;High;Farmland;T
DEBWL0010004I85dFL;Medium;Low;High;High;High;Greenland;L
DEBWL0010004I7DoFL;Medium;Medium;High;High;High;Greenland;Unknown
DEBWL0010004I85gFL;Medium;Medium;High;High;Low;Greenland;L
DEBWL0010004I7VfFL;Low;Low;High;High;High;Greenland;T
DEBWL0010004I7nlFL;High;Low;High;High;High;Farmland;T
DEBWL0010004I6WjFL;Medium;High;High;High;Medium;Greenland;Unknown
DEBWL0010004I7qLFL;High;High;High;Medium;Medium;Greenland;T
DEBWL0010004I7VeFL;Low;Low;High;High;High;Greenland;T
DEBWL0010004I7DmFL;Medium;Medium;High;High;Medium;Greenland;Unknown
DEBWL0010004I7nkFL;High;High;High;High;High;Greenland;T
DEBWL0010004I85fFL;Medium;Medium;High;High;Low;Greenland;Unknown
DEBWL0010004I6WiFL;High;Medium;High;High;Medium;Farmland;T
DEBWL0010004I7pmFL;Medium;Medium;High;High;Medium;Farmland;Unknown
DEBWL0010004I87aFL;Medium;High;Low;Low;Medium;Greenland;T
DEBWL0010004I6YWFL;Medium;Low;High;High;Medium;Greenland;T
DEBWL0010004I7FhFL;Medium;High;High;High;Medium;Greenland;Unknown
DEBWL0010004I7plFL;Medium;Low;High;High;Low;Farmland;LT
DEBWL0010004I6YVFL;Low;Low;Low;High;High;Greenland;Unknown
DEBWL0010004I7XYFL;Medium;High;High;Medium;Low;Greenland;Unknown
DEBWL0010004I7XcFL;Medium;Medium;High;Medium;High;Greenland;T
DEBWL0010004I6YYFL;Low;Low;High;High;High;Farmland;T
DEBWL0010004I87cFL;Low;Medium;Low;Low;Medium;Greenland;T
DEBWL0010004I7XaFL;Medium;Medium;High;Medium;High;Farmland;T
DEBWL0010004I6YXFL;Medium;Medium;High;High;High;Greenland;T
DEBWL0010004I7FiFL;Medium;High;High;High;Medium;Greenland;T
DEBWL0010004I87fFL;High;High;High;Low;Medium;Greenland;L
DEBWL0010004I7FlFL;Medium;High;High;High;Medium;Greenland;Unknown
DEBWL0010004I7XeFL;Medium;Medium;High;High;High;Farmland;Unknown
DEBWL0010004I7ppFL;Medium;Medium;High;High;Medium;Farmland;Unknown
DEBWL0010004I6YaFL;Medium;High;High;High;High;Greenland;T
DEBWL0010004I7XdFL;Medium;High;High;High;High;Greenland;T
DEBWL0010004I7poFL;Low;Medium;High;High;High;Farmland;sL
DEBWL0010004I7FnFL;Medium;High;High;High;Medium;Greenland;T
DEBWL0010004I7XhFL;Medium;Medium;High;High;High;Farmland;Unknown
DEBWL0010004I7prFL;Low;Medium;High;High;High;Farmland;sL
DEBWL0010004I87gFL;Low;High;Low;Low;Low;Greenland;T
DEBWL0010004I7pqFL;Medium;Medium;High;High;Medium;Farmland;Unknown
DEBWL0010004I6YbFL;Low;Low;Medium;High;Low;Greenland;Unknown
DEBWL0010004I7XgFL;Low;Medium;High;High;High;Farmland;Unknown
DEBWL0010004I87SFL;Low;Medium;Low;High;Medium;Farmland;sL
DEBWL0010004I7FZFL;Medium;High;High;High;Low;Greenland;Unknown
DEBWL0010004I7W1FL;Medium;High;High;Medium;Low;Farmland;LT
DEBWL0010004I6YNFL;Medium;High;High;High;High;Greenland;Unknown
DEBWL0010004I7peFL;Low;Low;High;High;High;Farmland;sL
DEBWL0010004I7XQFL;High;High;High;Low;Medium;Greenland;Unknown
DEBWL0010004I87RFL;Medium;High;High;Medium;Medium;Farmland;Unknown
DEBWL0010004I6YMFL;Medium;Medium;High;High;High;Farmland;LT
DEBWL0010004I7pdFL;Medium;Medium;High;High;Low;Farmland;Unknown
DEBWL0010004I87UFL;Low;Medium;Low;High;Medium;Farmland;sL
DEBWL0010004I705FL;High;High;High;Medium;Low;Farmland;Unknown
DEBWL0010004I7XSFL;Medium;Medium;High;High;Low;Farmland;LT
DEBWL0010004I7pgFL;Medium;Medium;High;High;Low;Farmland;Unknown
DEBWL0010004I7FbFL;Medium;High;High;High;Medium;Greenland;T
DEBWL0010004I87TFL;Medium;High;High;High;Medium;Farmland;LT
DEBWL0010004I7pfFL;Medium;Low;High;High;Low;Farmland;LT
DEBWL0010004I7piFL;Low;Low;High;High;High;Farmland;sL
DEBWL0010004I87WFL;Medium;High;High;High;Medium;Greenland;Unknown
DEBWL0010004I6YSFL;Medium;Low;High;High;Medium;Greenland;T
DEBWL0010004I7XUFL;High;High;High;Medium;Medium;Greenland;T
DEBWL0010004I87VFL;Low;Low;Low;High;Medium;Farmland;sL
DEBWL0010004I6YTFL;Medium;Low;High;High;High;Greenland;T
DEBWL0010004I7XTFL;Medium;High;High;Medium;Medium;Farmland;Unknown
DEBWL0010004I7FcFL;Medium;High;High;High;Medium;Greenland;Unknown
DEBWL0010004I87YFL;High;High;High;High;Medium;Greenland;T
DEBWL0010004I7pkFL;Low;Low;High;High;High;Farmland;sL
DEBWL0010004I6YUFL;Low;Low;High;High;High;Farmland;T
DEBWL0010004I7XXFL;High;High;High;Medium;Low;Greenland;T
DEBWL0010004I7FfFL;Medium;High;High;High;Medium;Greenland;T
DEBWL0010004I7pjFL;Medium;High;High;High;Medium;Farmland;Unknown
DEBWL0010004I7FeFL;Medium;High;High;High;Medium;Greenland;Unknown
DEBWL0010004I87JFL;Medium;High;High;High;Medium;Farmland;LT
DEBWL0010004I6YFFL;Low;Low;Medium;High;High;Farmland;T
DEBWL0010004I6YEFL;Medium;Low;High;High;Medium;Farmland;Unknown
DEBWL0010004I7pUFL;Medium;Medium;High;High;High;Farmland;Unknown
DEBWL0010004I87IFL;Low;Low;Medium;High;Medium;Farmland;sL
DEBWL0010004I87LFL;Low;Medium;Low;High;Medium;Farmland;sL
DEBWL0010004I7XKFL;High;Medium;High;High;High;Farmland;LT
DEBWL0010004I6YHFL;Low;Low;Medium;High;High;Farmland;T
DEBWL0010004I7pYFL;Medium;Medium;High;High;High;Farmland;Unknown
DEBWL0010004I7XJFL;Medium;Medium;High;High;Medium;Farmland;Unknown
DEBWL0010004I7pXFL;Low;Low;High;High;High;Farmland;L
DEBWL0010004I87KFL;Medium;Medium;High;High;Medium;Farmland;Unknown
DEBWL0010004I87NFL;Low;High;Low;Medium;Medium;Farmland;sL
DEBWL0010004I7FVFL;Medium;High;High;High;Low;Greenland;T
DEBWL0010004I6YJFL;Low;Low;Medium;High;High;Farmland;Unknown
DEBWL0010004I7paFL;Low;Low;High;High;High;Farmland;sL
DEBWL0010004I7FUFL;Medium;High;High;High;Medium;Greenland;T
DEBWL0010004I87MFL;Medium;High;High;Medium;Medium;Farmland;Unknown
DEBWL0010004I7XLFL;Medium;High;High;High;Medium;Greenland;T
DEBWL0010004I6YIFL;Medium;Low;High;High;Medium;Farmland;Unknown
DEBWL0010004I7pZFL;Low;Low;High;High;High;Farmland;L
DEBWL0010004I7XPFL;High;High;Medium;Low;Medium;Greenland;T
DEBWL0010004I6YLFL;Medium;Medium;High;High;Medium;Farmland;LT
DEBWL0010004I7pcFL;Medium;Low;High;High;Low;Farmland;L
DEBWL0010004I87OFL;Medium;High;High;High;Medium;Farmland;LT
DEBWL0010004I7XOFL;Medium;Medium;High;High;High;Farmland;Unknown
DEBWL0010004I6YKFL;Low;Low;Medium;High;High;Farmland;T
DEBWL0010004I7pbFL;Low;Low;High;High;High;Farmland;sL
DEBWL0010004I6Y8FL;Low;Low;High;High;High;Farmland;Unknown
DEBWL0010004I7pNFL;Low;Low;High;High;Medium;Farmland;sL
DEBWL0010004I87BFL;Low;Medium;Medium;High;Medium;Farmland;sL
DEBWL0010004I7X6FL;High;High;High;High;Medium;Greenland;T
DEBWL0010004I6Y7FL;Low;Low;High;High;Medium;Farmland;Unknown
DEBWL0010004I7FHFL;Medium;High;High;High;Medium;Greenland;T
DEBWL0010004I7pMFL;High;High;High;Medium;Medium;Greenland;L
DEBWL0010004I87AFL;Low;Low;Medium;High;Low;Greenland;T
DEBWL0010004I7X4FL;Medium;High;High;High;High;Greenland;T
DEBWL0010004I7pPFL;High;High;High;Medium;Medium;Greenland;L
DEBWL0010004I6YAFL;Medium;Low;High;High;Medium;Farmland;Unknown
DEBWL0010004I7pRFL;Medium;Medium;High;High;Medium;Farmland;Unknown
DEBWL0010004I7FKFL;Medium;High;High;High;Low;Greenland;Unknown
DEBWL0010004I7pOFL;High;High;High;Medium;Medium;Greenland;L
DEBWL0010004I6Y9FL;Low;Low;High;High;Medium;Greenland;T
DEBWL0010004I7FJFL;Medium;High;High;High;Medium;Greenland;T
DEBWL0010004I87CFL;Medium;High;High;High;Low;Farmland;LT
DEBWL0010004I7FMFL;Medium;High;High;High;Low;Greenland;Unknown
DEBWL0010004I6YBFL;Low;Low;Medium;High;High;Farmland;T
DEBWL0010004I87FFL;Low;Low;Low;High;Medium;Farmland;sL
DEBWL0010004I7pQFL;Low;Medium;High;High;High;Farmland;sL
DEBWL0010004I87EFL;Medium;High;High;High;Low;Farmland;LT
DEBWL0010004I7XGFL;High;High;High;Medium;Low;Greenland;T
DEBWL0010004I7FPFL;Medium;High;High;High;Low;Greenland;Unknown
DEBWL0010004I7pTFL;Low;Low;High;High;Low;Greenland;T
DEBWL0010004I87HFL;Medium;Medium;High;High;Low;Farmland;LT
DEBWL0010004I7FNFL;Medium;Medium;High;High;Low;Greenland;Unknown
DEBWL0010004I7XFFL;High;High;High;Low;Low;Greenland;T
DEBWL0010004I87GFL;Medium;High;High;High;Medium;Farmland;LT
DEBWL0010004I7pFFL;Medium;Medium;High;High;Medium;Farmland;Unknown
DEBWL0010004I7WyFL;Medium;High;High;High;High;Greenland;Unknown
DEBWL0010004I7F9FL;Medium;High;High;High;Medium;Greenland;Unknown
DEBWL0010004I873FL;Low;Low;High;High;High;Greenland;T
DEBWL0010004I6XzFL;Low;Low;High;High;Medium;Farmland;Unknown
DEBWL0010004I7WxFL;Low;Medium;High;High;High;Farmland;L
DEBWL0010004I872FL;Low;Medium;High;High;High;Greenland;T
DEBWL0010004I7pEFL;Medium;Medium;High;High;Medium;Farmland;Unknown
DEBWL0010004I7pHFL;Low;Low;High;High;Medium;Greenland;T
DEBWL0010004I6Y1FL;Low;Low;High;High;Medium;Farmland;Unknown
DEBWL0010004I7FBFL;Medium;High;High;High;Low;Greenland;Unknown
DEBWL0010004I7WzFL;Medium;High;High;High;High;Greenland;T
DEBWL0010004I7pGFL;Medium;Medium;High;High;Medium;Farmland;Unknown
DEBWL0010004I6Y0FL;Medium;High;High;High;High;Greenland;Unknown
DEBWL0010004I874FL;Low;Medium;High;High;High;Greenland;T
DEBWL0010004I7pJFL;High;High;High;Medium;Medium;Farmland;L
DEBWL0010004I7FDFL;Medium;Medium;High;High;Low;Greenland;Unknown
DEBWL0010004I7X1FL;Medium;Medium;High;High;Low;Greenland;Unknown
DEBWL0010004I877FL;High;High;High;Medium;Medium;Greenland;T
DEBWL0010004I6Y3FL;Medium;High;High;High;High;Greenland;Unknown
DEBWL0010004I6Y6FL;Medium;Medium;High;High;Medium;Farmland;LT
DEBWL0010004I7pIFL;Low;Low;High;High;Medium;Greenland;T
DEBWL0010004I7X0FL;Medium;Low;High;High;High;Greenland;Unknown
DEBWL0010004I6Y2FL;Medium;Medium;High;High;Medium;Farmland;LT
DEBWL0010004I876FL;Medium;High;Medium;Low;Medium;Greenland;Unknown
DEBWL0010004I7X2FL;Low;Medium;Medium;High;High;Farmland;T
DEBWL0010004I7pLFL;Low;Low;High;High;High;Farmland;sL
DEBWL0010004I879FL;High;High;High;Medium;Medium;Greenland;T
DEBWL0010004I7FFFL;Medium;High;High;High;Low;Greenland;Unknown
DEBWL0010004I7X3FL;Medium;Low;High;High;Medium;Greenland;T
DEBWL0010004I7pKFL;High;High;High;Medium;Medium;Farmland;L
DEBWL0010004I6Y4FL;Low;Low;High;High;Medium;Farmland;Unknown
DEBWL0010004I878FL;Medium;High;Medium;Low;Medium;Greenland;T
DEBWL0010004I783FL;High;High;High;Medium;High;Greenland;T
DEBWL0010004I7WqFL;Medium;High;High;High;Medium;Greenland;T
DEBWL0010004I7p8FL;Low;Low;High;High;High;Farmland;sL
DEBWL0010004I6XsFL;Low;Low;High;High;High;Farmland;L
DEBWL0010004I86vFL;High;High;High;High;High;Greenland;T
DEBWL0010004I7F0FL;Medium;High;High;High;Medium;Greenland;Unknown
DEBWL0010004I7p7FL;Low;Low;High;High;High;Farmland;sL
DEBWL0010004I6XrFL;Medium;High;High;High;Medium;Greenland;Unknown
DEBWL0010004I7WpFL;Medium;High;High;High;Medium;Greenland;Unknown
DEBWL0010004I7F3FL;Medium;High;High;High;Medium;Greenland;T
DEBWL0010004I7WsFL;Medium;Medium;High;High;High;Greenland;T
DEBWL0010004I7pAFL;Medium;Medium;High;High;Medium;Farmland;Unknown
DEBWL0010004I6XuFL;Low;Medium;High;High;High;Farmland;L
DEBWL0010004I86xFL;High;High;High;High;High;Greenland;T
DEBWL0010004I7F2FL;Medium;High;High;High;Medium;Greenland;T
DEBWL0010004I7WrFL;Medium;High;High;High;Medium;Greenland;T
DEBWL0010004I7p9FL;Medium;Medium;High;High;Low;Farmland;Unknown
DEBWL0010004I6XtFL;Medium;High;High;High;Medium;Greenland;Unknown
DEBWL0010004I86wFL;High;High;High;High;High;Greenland;T
DEBWL0010004I7vDFL;High;High;High;Medium;High;Greenland;T
DEBWL0010004I6XwFL;Medium;High;High;High;Medium;Greenland;Unknown
DEBWL0010004I7WuFL;Low;Low;High;High;High;Farmland;L
DEBWL0010004I7pBFL;Low;Low;High;High;Medium;Greenland;T
DEBWL0010004I86zFL;High;High;High;Medium;Medium;Greenland;T
DEBWL0010004I7WtFL;Medium;High;High;High;High;Greenland;Unknown
DEBWL0010004I6XvFL;Medium;High;High;High;Medium;Greenland;Unknown
DEBWL0010004I86yFL;High;High;High;High;Medium;Greenland;Unknown
DEBWL0010004I6XyFL;Low;Low;High;High;Medium;Greenland;Unknown
DEBWL0010004I7WwFL;Low;Medium;High;High;High;Farmland;L
DEBWL0010004I7z6FL;High;High;High;High;Medium;Greenland;T
DEBWL0010004I7pDFL;Low;Low;High;High;Low;Greenland;T
DEBWL0010004I7WvFL;High;High;High;High;High;Greenland;Unknown
DEBWL0010004I86pFL;Medium;High;High;High;High;Greenland;T
DEBWL0010004I7pCFL;Medium;Medium;High;High;Medium;Farmland;Unknown
DEBWL0010004I6QjFL;High;High;High;High;Medium;Greenland;T
DEBWL0010004I7WjFL;High;High;High;Low;Low;Farmland;Unknown
DEBWL0010004I7p0FL;Low;Low;High;High;High;Farmland;sL
DEBWL0010004I7EuFL;Medium;Medium;High;Medium;Low;Farmland;Unknown
DEBWL0010004I6XlFL;Low;Medium;High;High;High;Farmland;L
DEBWL0010004I7WiFL;Medium;High;High;High;Medium;Greenland;T
DEBWL0010004I7p1FL;Low;Low;High;High;High;Farmland;sL
DEBWL0010004I86mFL;Medium;High;High;High;High;Greenland;T
DEBWL0010004I7EtFL;Medium;Medium;High;High;Low;Farmland;Unknown
DEBWL0010004I7p2FL;Medium;Medium;High;High;Low;Farmland;L
DEBWL0010004I6XnFL;Low;Low;High;High;High;Farmland;L
DEBWL0010004I7EvFL;Medium;Medium;High;High;Low;Farmland;Unknown
DEBWL0010004I7WkFL;Medium;High;High;High;Low;Greenland;T
DEBWL0010004I6XmFL;Medium;Medium;High;High;High;Greenland;T
DEBWL0010004I7p4FL;Low;Low;High;High;High;Farmland;sL
DEBWL0010004I7ExFL;Medium;Medium;High;Medium;Low;Farmland;Unknown
DEBWL0010004I7WmFL;High;High;High;Low;Low;Greenland;T
DEBWL0010004I86rFL;Medium;High;High;High;High;Greenland;Unknown
DEBWL0010004I7p3FL;Medium;Medium;High;High;Low;Farmland;Unknown
DEBWL0010004I6XoFL;Low;Low;High;High;High;Greenland;Unknown
DEBWL0010004I7EwFL;Medium;Medium;High;Medium;Low;Farmland;Unknown
DEBWL0010004I7WlFL;High;High;High;Low;Low;Greenland;Unknown
DEBWL0010004I7p6FL;Medium;Medium;High;High;Low;Farmland;Unknown
DEBWL0010004I7EzFL;Medium;Medium;High;High;Low;Farmland;L
DEBWL0010004I6XqFL;Medium;Medium;High;High;High;Greenland;T
DEBWL0010004I7WoFL;High;High;High;Medium;Medium;Greenland;T
DEBWL0010004I7p5FL;Medium;Low;High;High;Low;Farmland;L
DEBWL0010004I6XpFL;Medium;High;High;High;High;Greenland;Unknown
DEBWL0010004I7EyFL;Medium;Medium;High;Medium;Low;Farmland;Unknown
DEBWL0010004I7WnFL;High;High;High;Medium;High;Greenland;T
DEBWL0010004I86sFL;Medium;High;High;High;High;Farmland;T
DEBWL0010004I7EnFL;Medium;Medium;High;Low;Low;Farmland;LT
DEBWL0010004I7WbFL;High;High;High;High;High;Farmland;T
DEBWL0010004I86eFL;Medium;High;High;High;High;Greenland;T
DEBWL0010004I6XdFL;Medium;High;High;High;High;Greenland;Unknown
DEBWL0010004I7EmFL;Medium;Medium;High;High;Low;Farmland;Unknown
DEBWL0010004I6XfFL;Low;Low;High;High;Medium;Greenland;Unknown
DEBWL0010004I7WdFL;High;Medium;High;High;High;Farmland;Unknown
DEBWL0010004I86hFL;Medium;High;High;Medium;Medium;Greenland;T
DEBWL0010004I7EoFL;Medium;Medium;High;High;Low;Farmland;Unknown
DEBWL0010004I6XeFL;Medium;Medium;High;High;High;Greenland;T
DEBWL0010004I7EqFL;Medium;Medium;High;High;Low;Farmland;Unknown
DEBWL0010004I6XhFL;Medium;High;High;High;High;Greenland;Unknown
DEBWL0010004I86jFL;Medium;High;High;High;Medium;Greenland;Unknown
DEBWL0010004I7WfFL;Medium;High;High;Medium;Low;Farmland;Unknown
DEBWL0010004I7EpFL;Medium;Medium;High;Medium;Low;Greenland;L
DEBWL0010004I7WeFL;Medium;High;High;High;Medium;Greenland;Unknown
DEBWL0010004I6XgFL;High;High;High;High;High;Greenland;Unknown
DEBWL0010004I86iFL;Medium;High;High;High;High;Greenland;Unknown
DEBWL0010004I7EsFL;Medium;Medium;High;Medium;Low;Farmland;Unknown
DEBWL0010004I7WhFL;Medium;High;High;High;Medium;Greenland;Unknown
DEBWL0010004I86lFL;Medium;High;High;High;High;Greenland;Unknown
DEBWL0010004I6XiFL;Low;Low;Medium;High;Low;Greenland;T
DEBWL0010004I7ErFL;Medium;Medium;High;Medium;Low;Farmland;Unknown
DEBWL0010004I7WgFL;High;Medium;High;High;Medium;Farmland;T
DEBWL0010004I86kFL;Medium;High;High;Medium;Medium;Greenland;T
DEBWL0010004I6RIFL;High;High;High;Medium;Medium;Greenland;Unknown
DEBWL0010004I7Q5FL;Low;Low;High;High;High;Greenland;T
DEBWL0010004I78CFL;High;High;High;Low;Medium;Greenland;Unknown
DEBWL0010004I7huFL;High;High;High;Low;Medium;Greenland;T
DEBWL0010004I7Q4FL;Low;Medium;High;High;Medium;Greenland;T
DEBWL0010004I7zoFL;Medium;High;High;Medium;Low;Greenland;T
DEBWL0010004I78BFL;Medium;High;High;Low;Medium;Greenland;T
DEBWL0010004I6RHFL;High;High;High;Low;High;Greenland;T
DEBWL0010004I6RKFL;High;High;High;Medium;Medium;Greenland;T
DEBWL0010004I7hwFL;High;High;High;Low;Medium;Greenland;Unknown
DEBWL0010004I7Q6FL;Low;Low;High;High;High;Greenland;Unknown
DEBWL0010004I7zqFL;Medium;Medium;High;Medium;Low;Greenland;Unknown
DEBWL0010004I7hvFL;Medium;Medium;High;High;High;Greenland;L
DEBWL0010004I78DFL;High;High;High;Medium;Low;Greenland;T
DEBWL0010004I7Q8FL;Low;Medium;High;High;Medium;Greenland;T
DEBWL0010004I7zsFL;Medium;Medium;High;Medium;Low;Greenland;Unknown
DEBWL0010004I7uqFL;Low;Low;Low;High;Medium;Farmland;sL
DEBWL0010004I78GFL;High;High;High;Medium;Low;Greenland;T
DEBWL0010004I78IFL;High;High;High;Medium;Low;Greenland;Unknown
DEBWL0010004I7hyFL;High;High;High;Low;Medium;Greenland;Unknown
DEBWL0010004I6RLFL;High;High;High;Low;Medium;Farmland;Unknown
DEBWL0010004I7ytFL;High;High;High;Low;Low;Greenland;T
DEBWL0010004I78FFL;High;High;High;Medium;Low;Greenland;Unknown
DEBWL0010004I7Q7FL;Low;Medium;High;High;Medium;Greenland;T
DEBWL0010004I7zrFL;High;High;High;Medium;Medium;Greenland;T
DEBWL0010004I7hxFL;High;High;High;Low;Medium;Greenland;T
DEBWL0010004I7zuFL;Medium;Medium;High;Low;Medium;Greenland;T
DEBWL0010004I7Q9FL;Low;Low;High;High;High;Greenland;Unknown
DEBWL0010004I78HFL;Medium;High;High;Low;Low;Greenland;T
DEBWL0010004I7u3FL;Low;Low;Low;High;Medium;Farmland;sL
DEBWL0010004I7PxFL;High;High;High;Medium;Medium;Greenland;T
DEBWL0010004I7zfFL;High;High;High;Low;Medium;Greenland;T
DEBWL0010004I784FL;High;High;High;Low;Medium;Greenland;T
DEBWL0010004I7PwFL;High;High;High;Medium;Medium;Greenland;T
DEBWL0010004I7PzFL;Low;Low;High;High;Low;Greenland;T
DEBWL0010004I786FL;High;High;High;Medium;High;Greenland;T
DEBWL0010004I6RCFL;High;High;High;Low;Medium;Greenland;Unknown
DEBWL0010004I7PyFL;Low;Low;High;High;High;Greenland;T
DEBWL0010004I7zgFL;High;High;High;Low;Medium;Greenland;T
DEBWL0010004I785FL;Medium;High;High;Medium;Low;Farmland;LT
DEBWL0010004I7Q1FL;Low;Medium;High;High;Medium;Greenland;T
DEBWL0010004I7zkFL;High;High;High;Low;Medium;Greenland;T
DEBWL0010004I788FL;High;High;High;Medium;Medium;Greenland;T
DEBWL0010004I6REFL;High;High;High;Low;Medium;Greenland;Unknown
DEBWL0010004I7Q0FL;Low;High;High;High;Medium;Greenland;T
DEBWL0010004I7hpFL;High;High;High;Low;Medium;Greenland;T
DEBWL0010004I7ziFL;High;High;High;Low;Medium;Greenland;T
DEBWL0010004I787FL;High;High;High;Low;Medium;Greenland;T
DEBWL0010004I7Q3FL;Low;Low;High;High;High;Greenland;Unknown
DEBWL0010004I7znFL;Medium;High;High;Medium;Low;Greenland;Unknown