LAND_USE,SOIL_TYPE,PROXIMITY_TO_FOREST,PROXIMITY_TO_RIVER,SLOPE,ELEVATION,STREET_DENSITY,Flood
Greenland,T,High,Low,Low,Low,High,0.8447305292349999
Greenland,T,High,Low,Low,Low,High,0.8447305292349999
Greenland,T,High,Low,Low,Low,High,0.8447305292349999
Greenland,T,High,Low,Low,Low,High,0.8447305292349999
Greenland,T,High,Low,Low,Low,High,0.8447305292349999
Greenland,T,High,Low,Low,Low,High,0.8447305292349999
Greenland,T,High,Low,Low,Low,High,0.8447305292349999
Greenland,T,High,Low,Low,Low,High,0.8447305292349999
Greenland,T,High,Low,Low,Low,High,0.8447305292349999
Greenland,T,High,Low,Low,Low,High,0.8447305292349999
Greenland,T,High,Low,Low,Low,High,0.8447305292349999
Greenland,T,High,Low,Low,Low,High,0.8447305292349999
Greenland,T,High,Low,Low,Low,High,0.8447305292349999
Greenland,T,High,Low,Low,Low,High,0.8447305292349999
Greenland,L,High,Low,Low,Low,High,0.8328542909
Greenland,L,High,Low,Low,Low,High,0.8328542909
Greenland,L,High,Low,Low,Low,High,0.8328542909
Greenland,L,High,Low,Low,Low,High,0.8328542909
Greenland,L,High,Low,Low,Low,High,0.8328542909
Greenland,L,High,Low,Low,Low,High,0.8328542909
Greenland,L,High,Low,Low,Low,High,0.8328542909
Greenland,L,High,Low,Low,Low,High,0.8328542909
Greenland,L,High,Low,Low,Low,High,0.8328542909
Greenland,L,High,Low,Low,Low,High,0.8328542909
Greenland,L,High,Low,Low,Low,High,0.8328542909
Greenland,Unknown,High,Low,Low,Low,High,0.823593004125
Greenland,T,High,Medium,Low,Low,High,0.800657091925
Greenland,T,High,Medium,Low,Low,High,0.800657091925
Greenland,T,High,Medium,Low,Low,High,0.800657091925
Greenland,T,High,Medium,Low,Low,High,0.800657091925
Greenland,T,High,Medium,Low,Low,High,0.800657091925
Greenland,T,High,Medium,Low,Low,High,0.800657091925
Greenland,T,High,Medium,Low,Low,High,0.800657091925
Greenland,T,High,Medium,Low,Low,High,0.800657091925
Greenland,T,High,Medium,Low,Low,High,0.800657091925
Greenland,T,High,Medium,Low,Low,High,0.800657091925
Greenland,T,High,Medium,Low,Low,High,0.800657091925
Greenland,T,High,Medium,Low,Low,High,0.800657091925
Greenland,T,High,Medium,Low,Low,High,0.800657091925
Greenland,T,High,Medium,Low,Low,High,0.800657091925
Greenland,T,High,Medium,Low,Low,High,0.800657091925
Greenland,T,High,Medium,Low,Low,High,0.800657091925
Greenland,T,High,Medium,Low,Low,High,0.800657091925
Greenland,T,High,Medium,Low,Low,High,0.800657091925
Greenland,T,High,Medium,Low,Low,High,0.800657091925
Greenland,T,High,Medium,Low,Low,High,0.800657091925
Greenland,T,High,Medium,Low,Low,High,0.800657091925
Greenland,T,High,Medium,Low,Low,High,0.800657091925
Greenland,T,High,Medium,Low,Low,High,0.800657091925
Greenland,T,High,Medium,Low,Low,High,0.800657091925
Greenland,T,High,Medium,Low,Low,High,0.800657091925
Greenland,T,High,Medium,Low,Low,High,0.800657091925
Greenland,T,High,Medium,Low,Low,High,0.800657091925
Greenland,T,High,Medium,Low,Low,High,0.800657091925
Greenland,T,High,Medium,Low,Low,High,0.800657091925
Greenland,T,High,Medium,Low,Low,High,0.800657091925
Greenland,T,High,Medium,Low,Low,High,0.800657091925
Greenland,T,High,Medium,Low,Low,High,0.800657091925
Greenland,T,High,Medium,Low,Low,High,0.800657091925
Greenland,T,High,Medium,Low,Low,High,0.800657091925
Greenland,T,High,Medium,Low,Low,High,0.800657091925
Greenland,T,High,Medium,Low,Low,High,0.800657091925
Greenland,T,High,Medium,Low,Low,High,0.800657091925
Greenland,T,High,Medium,Low,Low,High,0.800657091925
Greenland,T,High,Low,Low,Low,Medium,0.798325164025
Greenland,T,High,Low,Low,Low,Medium,0.798325164025
Farmland,L,High,Medium,Low,Low,High,0.7929076258125001
Farmland,L,High,Medium,Low,Low,High,0.7929076258125001
Farmland,L,High,Medium,Low,Low,High,0.7929076258125001
Greenland,L,High,Medium,Low,Low,High,0.7879549594999999
Greenland,L,High,Medium,Low,Low,High,0.7879549594999999
Greenland,L,High,Medium,Low,Low,High,0.7879549594999999
Greenland,L,High,Medium,Low,Low,High,0.7879549594999999
Greenland,L,High,Medium,Low,Low,High,0.7879549594999999
Greenland,L,High,Medium,Low,Low,High,0.7879549594999999
Greenland,L,High,Medium,Low,Low,High,0.7879549594999999
Greenland,L,High,Medium,Low,Low,High,0.7879549594999999
Greenland,L,High,Low,Low,Low,Medium,0.7855793335
Greenland,LT,High,Medium,Low,Low,High,0.778049626875
Greenland,LT,High,Medium,Low,Low,High,0.778049626875
Greenland,Unknown,High,Medium,Low,Low,High,0.778049626875
Greenland,T,High,High,Low,Low,High,0.77209097515
Greenland,T,High,High,Low,Low,High,0.77209097515
Greenland,T,High,High,Low,Low,High,0.77209097515
Greenland,T,High,High,Low,Low,High,0.77209097515
Greenland,T,High,High,Low,Low,High,0.77209097515
Greenland,T,High,High,Low,Low,High,0.77209097515
Greenland,T,High,High,Low,Low,High,0.77209097515
Greenland,T,High,High,Low,Low,High,0.77209097515
Greenland,T,High,High,Low,Low,High,0.77209097515
Greenland,T,High,High,Low,Low,High,0.77209097515
Greenland,T,High,High,Low,Low,High,0.77209097515
Greenland,T,High,High,Low,Low,High,0.77209097515
Greenland,T,High,High,Low,Low,High,0.77209097515
Greenland,T,High,High,Low,Low,High,0.77209097515
Greenland,T,High,High,Low,Low,High,0.77209097515
Greenland,T,High,High,Low,Low,High,0.77209097515
Greenland,T,High,High,Low,Low,High,0.77209097515
Farmland,LT,High,High,Low,Low,High,0.76917631075
Farmland,LT,High,High,Low,Low,High,0.76917631075
Farmland,LT,High,High,Low,Low,High,0.76917631075
Farmland,LT,High,High,Low,Low,High,0.76917631075
Farmland,LT,High,High,Low,Low,High,0.76917631075
Farmland,LT,High,High,Low,Low,High,0.76917631075
Farmland,LT,High,High,Low,Low,High,0.76917631075
Farmland,LT,High,High,Low,Low,High,0.76917631075
Farmland,LT,High,High,Low,Low,High,0.76917631075
Farmland,Unknown,High,High,Low,Low,High,0.76917631075
Greenland,T,High,Medium,Low,Low,Medium,0.7668441373749999
Greenland,T,High,Medium,Low,Low,Medium,0.7668441373749999
Greenland,T,High,Medium,Low,Low,Medium,0.7668441373749999
Greenland,T,High,Medium,Low,Low,Medium,0.7668441373749999
Greenland,T,High,Medium,Low,Low,Medium,0.7668441373749999
Greenland,T,High,Medium,Low,Low,Medium,0.7668441373749999
Greenland,T,High,Medium,Low,Low,Medium,0.7668441373749999
Greenland,T,High,Medium,Low,Low,Medium,0.7668441373749999
Greenland,T,High,Medium,Low,Low,Medium,0.7668441373749999
Greenland,T,High,Medium,Low,Low,Medium,0.7668441373749999
Greenland,T,High,Medium,Low,Low,Medium,0.7668441373749999
Greenland,T,High,Medium,Low,Low,Medium,0.7668441373749999
Greenland,T,High,Medium,Low,Low,Medium,0.7668441373749999
Greenland,T,High,Medium,Low,Low,Medium,0.7668441373749999
Greenland,T,High,Medium,Low,Low,Medium,0.7668441373749999
Greenland,T,High,Medium,Low,Low,Medium,0.7668441373749999
Greenland,T,High,Medium,Low,Low,Medium,0.7668441373749999
Greenland,T,High,Low,Medium,Low,High,0.7655737663875001
Farmland,L,High,High,Low,Low,High,0.7640149258749999
Farmland,L,High,High,Low,Low,High,0.7640149258749999
Greenland,T,Medium,High,Low,Low,High,0.7639292275
Greenland,L,High,High,Low,Low,High,0.758853541
Greenland,L,High,High,Low,Low,High,0.758853541
Greenland,L,High,High,Low,Low,High,0.758853541
Greenland,L,High,High,Low,Low,High,0.758853541
Greenland,L,High,High,Low,Low,High,0.758853541
Greenland,L,High,High,Low,Low,High,0.758853541
Greenland,L,High,High,Low,Low,High,0.758853541
Greenland,L,High,High,Low,Low,High,0.758853541
Greenland,L,High,High,Low,Low,High,0.758853541
Greenland,L,High,High,Low,Low,High,0.758853541
Greenland,L,High,High,Low,Low,High,0.758853541
Greenland,L,High,High,Low,Low,High,0.758853541
Greenland,L,High,High,Low,Low,High,0.758853541
Greenland,L,High,High,Low,Low,High,0.758853541
Greenland,L,High,High,Low,Low,High,0.758853541
Greenland,L,High,High,Low,Low,High,0.758853541
Greenland,L,High,High,Low,Low,High,0.758853541
Greenland,L,High,High,Low,Low,High,0.758853541
Greenland,L,High,High,Low,Low,High,0.758853541
Greenland,L,High,High,Low,Low,High,0.758853541
Greenland,L,High,High,Low,Low,High,0.758853541
Greenland,L,High,High,Low,Low,High,0.758853541
Greenland,L,High,High,Low,Low,High,0.758853541
Greenland,L,High,Medium,Low,Low,Medium,0.7535083825
Greenland,L,High,Low,Medium,Low,High,0.75345237634375
Greenland,LT,High,High,Low,Low,High,0.7485307712500001
Greenland,T,High,High,Low,Low,Medium,0.74643976825
Greenland,T,High,High,Low,Low,Medium,0.74643976825
Greenland,T,High,High,Low,Low,Medium,0.74643976825
Greenland,T,High,High,Low,Low,Medium,0.74643976825
Greenland,T,High,High,Low,Low,Medium,0.74643976825
Greenland,T,High,High,Low,Low,Medium,0.74643976825
Greenland,T,High,High,Low,Low,Medium,0.74643976825
Greenland,T,High,High,Low,Low,Medium,0.74643976825
Greenland,T,High,Medium,Medium,Low,High,0.7159956313125
Greenland,T,High,Medium,Medium,Low,High,0.7159956313125
Greenland,T,High,Medium,Medium,Low,High,0.7159956313125
Greenland,T,High,Medium,Medium,Low,High,0.7159956313125
Greenland,T,High,Medium,Medium,Low,High,0.7159956313125
Greenland,T,High,Medium,Medium,Low,High,0.7159956313125
Greenland,T,High,Medium,Medium,Low,High,0.7159956313125
Greenland,T,High,Medium,Medium,Low,High,0.7159956313125
Farmland,T,High,Medium,Medium,Low,High,0.7159956313125
Greenland,T,High,Medium,Medium,Low,High,0.7159956313125
Greenland,T,High,Medium,Medium,Low,High,0.7159956313125
Greenland,T,High,High,Low,Low,Low,0.71589151276
Greenland,T,High,High,Low,Low,Low,0.71589151276
Greenland,T,High,High,Low,Low,Low,0.71589151276
Greenland,T,High,High,Low,Low,Low,0.71589151276
Greenland,T,High,High,Low,Low,Low,0.71589151276
Greenland,T,High,High,Low,Low,Low,0.71589151276
Greenland,T,High,High,Low,Low,Low,0.71589151276
Greenland,T,High,High,Low,Low,Low,0.71589151276
Greenland,T,High,High,Low,Low,Low,0.71589151276
Farmland,LT,High,Medium,Medium,Low,High,0.7124996315625
Greenland,L,High,Medium,Medium,Low,High,0.70303129890625
Greenland,L,High,Medium,Medium,Low,High,0.70303129890625
Greenland,L,High,Medium,Medium,Low,High,0.70303129890625
Greenland,L,High,Medium,Medium,Low,High,0.70303129890625
Greenland,LT,High,Medium,Medium,Low,High,0.69356296625
Greenland,T,High,Low,High,Low,High,0.68426511631875
Greenland,T,High,Low,High,Low,High,0.68426511631875
Greenland,T,High,Low,High,Low,High,0.68426511631875
Greenland,T,High,High,Medium,Low,High,0.6838616548750001
Greenland,T,High,High,Medium,Low,High,0.6838616548750001
Greenland,T,High,High,Medium,Low,High,0.6838616548750001
Greenland,T,High,High,Medium,Low,High,0.6838616548750001
Greenland,T,High,High,Medium,Low,High,0.6838616548750001
Greenland,T,High,High,Medium,Low,High,0.6838616548750001
Farmland,T,High,High,Medium,Low,High,0.6838616548750001
Greenland,T,High,High,Medium,Low,High,0.6838616548750001
Greenland,T,High,High,Medium,Low,High,0.6838616548750001
Greenland,T,High,High,Medium,Low,High,0.6838616548750001
Greenland,T,High,High,Medium,Low,High,0.6838616548750001
Greenland,T,High,High,Medium,Low,High,0.6838616548750001
Farmland,T,High,High,Medium,Low,High,0.6838616548750001
Greenland,T,High,High,Medium,Low,High,0.6838616548750001
Greenland,T,High,High,Medium,Low,High,0.6838616548750001
Greenland,T,High,High,Medium,Low,High,0.6838616548750001
Greenland,T,High,High,Medium,Low,High,0.6838616548750001
Greenland,T,High,High,Medium,Low,High,0.6838616548750001
Greenland,T,High,High,Medium,Low,High,0.6838616548750001
Greenland,T,High,High,Medium,Low,High,0.6838616548750001
Greenland,T,High,High,Medium,Low,High,0.6838616548750001
Greenland,T,High,High,Medium,Low,High,0.6838616548750001
Greenland,T,High,High,Medium,Low,High,0.6838616548750001
Farmland,LT,High,High,Medium,Low,High,0.6802183243750001
Farmland,LT,High,High,Medium,Low,High,0.6802183243750001
Farmland,LT,High,High,Medium,Low,High,0.6802183243750001
Farmland,LT,High,High,Medium,Low,High,0.6802183243750001
Farmland,LT,High,High,Medium,Low,High,0.6802183243750001
Farmland,LT,High,High,Medium,Low,High,0.6802183243750001
Farmland,LT,High,High,Medium,Low,High,0.6802183243750001
Farmland,LT,High,High,Medium,Low,High,0.6802183243750001
Farmland,LT,High,High,Medium,Low,High,0.6802183243750001
Farmland,LT,High,High,Medium,Low,High,0.6802183243750001
Farmland,LT,High,High,Medium,Low,High,0.6802183243750001
Farmland,LT,High,High,Medium,Low,High,0.6802183243750001
Farmland,LT,High,High,Medium,Low,High,0.6802183243750001
Farmland,LT,High,High,Medium,Low,High,0.6802183243750001
Farmland,LT,High,High,Medium,Low,High,0.6802183243750001
Farmland,LT,High,High,Medium,Low,High,0.6802183243750001
Farmland,LT,High,High,Medium,Low,High,0.6802183243750001
Farmland,LT,High,High,Medium,Low,High,0.6802183243750001
Farmland,LT,High,High,Medium,Low,High,0.6802183243750001
Farmland,LT,High,High,Medium,Low,High,0.6802183243750001
Farmland,LT,High,High,Medium,Low,High,0.6802183243750001
Farmland,LT,High,High,Medium,Low,High,0.6802183243750001
Farmland,LT,High,High,Medium,Low,High,0.6802183243750001
Farmland,LT,High,High,Medium,Low,High,0.6802183243750001
Farmland,LT,High,High,Medium,Low,High,0.6802183243750001
Farmland,LT,High,High,Medium,Low,High,0.6802183243750001
Farmland,LT,High,High,Medium,Low,High,0.6802183243750001
Farmland,LT,High,High,Medium,Low,High,0.6802183243750001
Farmland,LT,High,High,Medium,Low,High,0.6802183243750001
Farmland,LT,High,High,Medium,Low,High,0.6802183243750001
Farmland,LT,High,High,Medium,Low,High,0.6802183243750001
Farmland,LT,High,High,Medium,Low,High,0.6802183243750001
Farmland,LT,High,High,Medium,Low,High,0.6802183243750001
Farmland,LT,High,High,Medium,Low,High,0.6802183243750001
Farmland,LT,High,High,Medium,Low,High,0.6802183243750001
Farmland,LT,High,High,Medium,Low,High,0.6802183243750001
Farmland,LT,High,High,Medium,Low,High,0.6802183243750001
Farmland,LT,High,High,Medium,Low,High,0.6802183243750001
Farmland,LT,High,High,Medium,Low,High,0.6802183243750001
Farmland,LT,High,High,Medium,Low,High,0.6802183243750001
Greenland,L,Low,High,Medium,Low,Medium,0.67902126203125
Farmland,L,High,High,Medium,Low,High,0.6752846476562501
Farmland,L,High,High,Medium,Low,High,0.6752846476562501
Farmland,L,High,High,Medium,Low,High,0.6752846476562501
Farmland,L,High,High,Medium,Low,High,0.6752846476562501
Farmland,L,High,High,Medium,Low,High,0.6752846476562501
Greenland,T,Medium,High,Medium,Low,High,0.67468051875
Greenland,T,Medium,High,Medium,Low,High,0.67468051875
Greenland,T,Medium,High,Medium,Low,High,0.67468051875
Greenland,T,Medium,High,Medium,Low,High,0.67468051875
Greenland,T,Medium,High,Medium,Low,High,0.67468051875
Farmland,LT,Medium,High,Medium,Low,High,0.67099509375
Farmland,LT,Medium,High,Medium,Low,High,0.67099509375
Farmland,LT,Medium,High,Medium,Low,High,0.67099509375
Greenland,L,High,High,Medium,Low,High,0.6703509709375001
Greenland,L,High,High,Medium,Low,High,0.6703509709375001
Greenland,L,High,High,Medium,Low,High,0.6703509709375001
Greenland,L,High,High,Medium,Low,High,0.6703509709375001
Greenland,L,High,High,Medium,Low,High,0.6703509709375001
Greenland,L,High,High,Medium,Low,High,0.6703509709375001
Greenland,L,High,High,Medium,Low,High,0.6703509709375001
Greenland,L,High,High,Medium,Low,High,0.6703509709375001
Greenland,L,High,High,Medium,Low,High,0.6703509709375001
Farmland,sL,High,High,Medium,Low,High,0.6657968078125001
Farmland,sL,High,High,Medium,Low,High,0.6657968078125001
Farmland,sL,High,High,Medium,Low,High,0.6657968078125001
Farmland,sL,High,High,Medium,Low,High,0.6657968078125001
Farmland,sL,High,High,Medium,Low,High,0.6657968078125001
Farmland,sL,High,High,Medium,Low,High,0.6657968078125001
Farmland,sL,High,High,Medium,Low,High,0.6657968078125001
Farmland,sL,High,High,Medium,Low,High,0.6657968078125001
Farmland,sL,High,High,Medium,Low,High,0.6657968078125001
Farmland,sL,High,High,Medium,Low,High,0.6657968078125001
Farmland,sL,High,High,Medium,Low,High,0.6657968078125001
Farmland,sL,High,High,Medium,Low,High,0.6657968078125001
Farmland,sL,High,High,Medium,Low,High,0.6657968078125001
Farmland,sL,High,High,Medium,Low,High,0.6657968078125001
Farmland,sL,High,High,Medium,Low,High,0.6657968078125001
Farmland,sL,High,High,Medium,Low,High,0.6657968078125001
Greenland,L,Medium,High,Medium,Low,High,0.661013734375
Greenland,L,Medium,High,Medium,Low,High,0.661013734375
Greenland,L,Medium,High,Medium,Low,High,0.661013734375
Greenland,LT,High,High,Medium,Low,High,0.6604836175000001
Greenland,LT,High,High,Medium,Low,High,0.6604836175000001
Greenland,Unknown,High,High,Medium,Low,High,0.6604836175000001
Greenland,T,High,High,Medium,Low,Medium,0.655006655625
Greenland,T,High,Medium,High,Low,High,0.6290326375312499
Greenland,T,High,Medium,High,Low,High,0.6290326375312499
Farmland,T,High,Medium,High,Low,High,0.6290326375312499
Greenland,T,High,Medium,High,Low,High,0.6290326375312499
Farmland,T,High,Medium,High,Low,High,0.6290326375312499
Greenland,T,High,Medium,High,Low,High,0.6290326375312499
Greenland,T,High,Low,High,Low,Medium,0.62611028415625
Greenland,T,High,Low,High,Low,Medium,0.62611028415625
Greenland,T,High,Low,High,Low,Medium,0.62611028415625
Farmland,L,High,Medium,High,Low,High,0.62437130453125
Farmland,L,High,Medium,High,Low,High,0.62437130453125
Farmland,L,High,Medium,High,Low,High,0.62437130453125
Farmland,L,High,Medium,High,Low,High,0.62437130453125
Greenland,T,High,High,Medium,Low,Low,0.6206429747
Greenland,T,High,High,Medium,Low,Low,0.6206429747
Greenland,T,High,High,Medium,Low,Low,0.6206429747
Greenland,T,High,High,Medium,Low,Low,0.6206429747
Greenland,T,Low,High,High,Medium,High,0.6157831525
Greenland,T,Low,High,High,Medium,High,0.6157831525
Greenland,T,Low,High,High,Medium,High,0.6157831525
Greenland,T,Low,High,High,Medium,High,0.6157831525
Greenland,T,Low,High,High,Medium,High,0.6157831525
Greenland,T,Low,High,High,Medium,High,0.6157831525
Farmland,LT,Low,High,High,Medium,High,0.6157831525
Greenland,T,Low,High,High,Medium,High,0.6157831525
Greenland,T,Low,High,High,Medium,High,0.6157831525
Greenland,T,Low,High,High,Medium,High,0.6157831525
Greenland,T,Low,High,High,Medium,High,0.6157831525
Greenland,T,Low,High,High,Medium,High,0.6157831525
Farmland,T,High,High,Low,Medium,High,0.6087179633125
Greenland,T,High,High,High,Low,High,0.5932338086875
Greenland,T,High,High,High,Low,High,0.5932338086875
Greenland,T,High,High,High,Low,High,0.5932338086875
Greenland,T,High,High,High,Low,High,0.5932338086875
Greenland,T,High,High,High,Low,High,0.5932338086875
Greenland,T,High,High,High,Low,High,0.5932338086875
Greenland,T,High,High,High,Low,High,0.5932338086875
Greenland,T,High,High,High,Low,High,0.5932338086875
Greenland,T,High,High,High,Low,High,0.5932338086875
Greenland,T,High,High,High,Low,High,0.5932338086875
Greenland,T,High,High,High,Low,High,0.5932338086875
Greenland,T,High,High,High,Low,High,0.5932338086875
Greenland,T,High,High,High,Low,High,0.5932338086875
Greenland,T,High,High,High,Low,High,0.5932338086875
Greenland,T,High,High,High,Low,High,0.5932338086875
Farmland,T,High,High,High,Low,High,0.5932338086875
Farmland,T,High,High,High,Low,High,0.5932338086875
Farmland,T,High,High,High,Low,High,0.5932338086875
Greenland,T,High,High,High,Low,High,0.5932338086875
Greenland,T,High,High,High,Low,High,0.5932338086875
Greenland,T,High,High,High,Low,High,0.5932338086875
Greenland,T,High,High,High,Low,High,0.5932338086875
Greenland,T,High,High,High,Low,High,0.5932338086875
Greenland,T,High,High,High,Low,High,0.5932338086875
Farmland,T,High,High,High,Low,High,0.5932338086875
Greenland,T,High,High,High,Low,High,0.5932338086875
Greenland,T,High,High,High,Low,High,0.5932338086875
Greenland,T,High,High,High,Low,High,0.5932338086875
Greenland,T,High,High,High,Low,High,0.5932338086875
Farmland,T,High,High,High,Low,High,0.5932338086875
Farmland,T,High,High,High,Low,High,0.5932338086875
Greenland,T,High,High,High,Low,High,0.5932338086875
Greenland,T,High,High,High,Low,High,0.5932338086875
Greenland,T,High,High,High,Low,High,0.5932338086875
Greenland,T,High,High,High,Low,High,0.5932338086875
Greenland,T,High,High,High,Low,High,0.5932338086875
Farmland,T,High,High,High,Low,High,0.5932338086875
Farmland,LT,High,High,High,Low,High,0.5914121434375
Farmland,LT,High,High,High,Low,High,0.5914121434375
Farmland,LT,High,High,High,Low,High,0.5914121434375
Farmland,LT,High,High,High,Low,High,0.5914121434375
Farmland,LT,High,High,High,Low,High,0.5914121434375
Farmland,LT,High,High,High,Low,High,0.5914121434375
Farmland,LT,High,High,High,Low,High,0.5914121434375
Farmland,LT,High,High,High,Low,High,0.5914121434375
Farmland,LT,High,High,High,Low,High,0.5914121434375
Farmland,LT,High,High,High,Low,High,0.5914121434375
Farmland,LT,High,High,High,Low,High,0.5914121434375
Farmland,LT,High,High,High,Low,High,0.5914121434375
Farmland,LT,High,High,High,Low,High,0.5914121434375
Farmland,LT,High,High,High,Low,High,0.5914121434375
Farmland,LT,High,High,High,Low,High,0.5914121434375
Farmland,LT,High,High,High,Low,High,0.5914121434375
Farmland,LT,High,High,High,Low,High,0.5914121434375
Farmland,LT,High,High,High,Low,High,0.5914121434375
Farmland,LT,High,High,High,Low,High,0.5914121434375
Farmland,LT,High,High,High,Low,High,0.5914121434375
Farmland,LT,High,High,High,Low,High,0.5914121434375
Farmland,LT,High,High,High,Low,High,0.5914121434375
Farmland,LT,High,High,High,Low,High,0.5914121434375
Farmland,Unknown,High,High,High,Low,High,0.5914121434375
Farmland,L,High,High,High,Low,High,0.5883760346875
Farmland,L,High,High,High,Low,High,0.5883760346875
Greenland,T,High,Medium,High,Low,Medium,0.58665851359375
Greenland,T,High,Medium,High,Low,Medium,0.58665851359375
Greenland,L,High,High,High,Low,High,0.5853399259375001
Greenland,L,High,High,High,Low,High,0.5853399259375001
Greenland,L,High,High,High,Low,High,0.5853399259375001
Greenland,L,High,High,High,Low,High,0.5853399259375001
Greenland,L,High,High,High,Low,High,0.5853399259375001
Greenland,L,High,High,High,Low,High,0.5853399259375001
Greenland,L,High,High,High,Low,High,0.5853399259375001
Greenland,L,Low,High,Medium,Medium,Medium,0.58440988984375
Farmland,sL,High,High,High,Low,High,0.583062844375
Greenland,T,Medium,High,High,Low,High,0.583005571875
Greenland,T,Medium,High,High,Low,High,0.583005571875
Greenland,Unknown,Low,High,High,High,High,0.5823845871250001
Greenland,Unknown,Low,High,High,High,High,0.5823845871250001
Greenland,T,Medium,High,High,Low,Medium,0.5822749835312501
Farmland,LT,Medium,High,High,Low,High,0.581162859375
Farmland,LT,Medium,High,High,Low,High,0.581162859375
Greenland,L,Low,High,High,High,High,0.58061241835
Greenland,L,Low,High,High,High,High,0.58061241835
Greenland,Unknown,High,High,High,Low,High,0.5792677084375001
Farmland,Unknown,Low,High,High,High,High,0.578840249575
Farmland,T,High,High,Medium,Medium,High,0.5783568758125
Farmland,T,High,High,Medium,Medium,High,0.5783568758125
Farmland,T,High,High,Medium,Medium,High,0.5783568758125
Greenland,T,High,High,Medium,Medium,High,0.5783568758125
Greenland,T,High,High,Medium,Medium,High,0.5783568758125
Farmland,T,High,High,Medium,Medium,High,0.5783568758125
Farmland,L,Medium,High,High,Low,High,0.5780916718750001
Greenland,T,Low,High,High,High,High,0.5778587407150001
Greenland,T,Low,High,High,High,High,0.5778587407150001
Greenland,T,Low,High,High,High,High,0.5778587407150001
Greenland,T,Low,High,High,High,High,0.5778587407150001
Greenland,T,Low,High,High,High,High,0.5778587407150001
Greenland,T,Low,High,High,High,High,0.5778587407150001
Greenland,T,Low,High,High,High,High,0.5778587407150001
Greenland,T,Low,High,High,High,High,0.5778587407150001
Greenland,T,Low,High,High,High,High,0.5778587407150001
Greenland,T,Low,High,High,High,High,0.5778587407150001
Greenland,T,Low,High,High,High,High,0.5778587407150001
Greenland,T,Low,High,High,High,High,0.5778587407150001
Greenland,T,Low,High,High,High,High,0.5778587407150001
Greenland,T,Low,High,High,High,High,0.5778587407150001
Greenland,T,Low,High,High,High,High,0.5778587407150001
Greenland,T,Low,High,High,High,High,0.5778587407150001
Greenland,T,Low,High,High,High,High,0.5778587407150001
Greenland,T,Low,High,High,High,High,0.5778587407150001
Greenland,T,Low,High,High,High,High,0.5778587407150001
Greenland,T,Low,High,High,High,High,0.5778587407150001
Greenland,T,Low,High,High,High,High,0.5778587407150001
Greenland,T,Low,High,High,High,High,0.5778587407150001
Greenland,T,Low,High,High,High,High,0.5778587407150001
Greenland,T,Low,High,High,High,High,0.5778587407150001
Greenland,T,Low,High,High,High,High,0.5778587407150001
Greenland,T,Low,High,High,High,High,0.5778587407150001
Greenland,T,Low,High,High,High,High,0.5778587407150001
Greenland,T,Low,High,High,High,High,0.5778587407150001
Greenland,T,Low,High,High,High,High,0.5778587407150001
Greenland,T,Low,High,High,High,High,0.5778587407150001
Greenland,T,Low,High,High,High,High,0.5778587407150001
Greenland,T,Low,High,High,High,High,0.5778587407150001
Greenland,T,Low,High,High,High,High,0.5778587407150001
Greenland,T,Low,High,High,High,High,0.5778587407150001
Greenland,T,Low,High,High,High,High,0.5778587407150001
Greenland,T,Low,High,High,High,High,0.5778587407150001
Greenland,T,Low,High,High,High,High,0.5778587407150001
Greenland,T,Low,High,High,High,High,0.5778587407150001
Greenland,T,Low,High,High,High,High,0.5778587407150001
Greenland,T,Low,High,High,High,High,0.5778587407150001
Greenland,T,Low,High,High,High,High,0.5778587407150001
Greenland,T,Low,High,High,High,High,0.5778587407150001
Greenland,T,Low,High,High,High,High,0.5778587407150001
Greenland,T,Low,High,High,High,High,0.5778587407150001
Greenland,T,Low,High,High,High,High,0.5778587407150001
Greenland,T,Low,High,High,High,High,0.5778587407150001
Greenland,T,Low,High,High,High,High,0.5778587407150001
Greenland,T,Low,High,High,High,High,0.5778587407150001
Greenland,T,Low,High,High,High,High,0.5778587407150001
Greenland,T,Low,High,High,High,High,0.5778587407150001
Greenland,T,Low,High,High,High,High,0.5778587407150001
Greenland,T,Low,High,High,High,High,0.5778587407150001
Greenland,T,Low,High,High,High,High,0.5778587407150001
Greenland,T,Low,High,High,High,High,0.5778587407150001
Greenland,T,Low,High,High,High,High,0.5778587407150001
Greenland,T,Low,High,High,High,High,0.5778587407150001
Greenland,T,Low,High,High,High,High,0.5778587407150001
Greenland,T,Low,High,High,High,High,0.5778587407150001
Greenland,T,Low,High,High,High,High,0.5778587407150001
Greenland,T,Low,High,High,High,High,0.5778587407150001
Greenland,T,Low,High,High,High,High,0.5778587407150001
Greenland,T,Low,High,High,High,High,0.5778587407150001
Greenland,T,Low,High,High,High,High,0.5778587407150001
Greenland,T,Low,High,High,High,High,0.5778587407150001
Greenland,T,Low,High,High,High,High,0.5778587407150001
Greenland,T,Low,High,High,High,High,0.5778587407150001
Greenland,T,Low,High,High,High,High,0.5778587407150001
Greenland,T,Low,High,High,High,High,0.5778587407150001
Greenland,T,Low,High,High,High,High,0.5778587407150001
Greenland,T,Low,High,High,High,High,0.5778587407150001
Greenland,T,Low,High,High,High,High,0.5778587407150001
Greenland,T,Low,High,High,High,High,0.5778587407150001
Greenland,T,Low,High,High,High,High,0.5778587407150001
Greenland,T,Low,High,High,High,High,0.5778587407150001
Greenland,T,Low,High,High,High,High,0.5778587407150001
Greenland,T,Low,High,High,High,High,0.5778587407150001
Greenland,T,Low,High,High,High,High,0.5778587407150001
Greenland,T,Low,High,High,High,High,0.5778587407150001
Greenland,T,Low,High,High,High,High,0.5778587407150001
Greenland,T,Low,High,High,High,High,0.5778587407150001
Greenland,T,Low,High,High,High,High,0.5778587407150001
Greenland,T,Low,High,High,High,High,0.5778587407150001
Greenland,T,Low,High,High,High,High,0.5778587407150001
Greenland,T,Low,High,High,High,High,0.5778587407150001
Greenland,T,Low,High,High,High,High,0.5778587407150001
Greenland,T,Low,High,High,High,High,0.5778587407150001
Greenland,T,Low,High,High,High,High,0.5778587407150001
Greenland,T,Low,High,High,High,High,0.5778587407150001
Greenland,T,Low,High,High,High,High,0.5778587407150001
Greenland,T,Low,High,High,High,High,0.5778587407150001
Greenland,T,Low,High,High,High,High,0.5778587407150001
Greenland,T,Low,High,High,High,High,0.5778587407150001
Greenland,T,Low,High,High,High,High,0.5778587407150001
Greenland,T,Low,High,High,High,High,0.5778587407150001
Greenland,T,Low,High,High,High,High,0.5778587407150001
Greenland,T,Low,High,High,High,High,0.5778587407150001
Greenland,T,Low,High,High,High,High,0.5778587407150001
Greenland,T,Low,High,High,High,High,0.5778587407150001
Greenland,T,Low,High,High,High,High,0.5778587407150001
Greenland,T,Low,High,High,High,High,0.5778587407150001
Greenland,T,Low,High,High,High,High,0.5778587407150001
Greenland,T,Low,High,High,High,High,0.5778587407150001
Greenland,T,Low,High,High,High,High,0.5778587407150001
Greenland,T,Low,High,High,High,High,0.5778587407150001
Greenland,T,Low,High,High,High,High,0.5778587407150001
Greenland,T,Low,High,High,High,High,0.5778587407150001
Greenland,T,Low,High,High,High,High,0.5778587407150001
Greenland,T,Low,High,High,High,High,0.5778587407150001
Greenland,T,Low,High,High,High,High,0.5778587407150001
Greenland,T,Low,High,High,High,High,0.5778587407150001
Greenland,T,Low,High,High,High,High,0.5778587407150001
Greenland,T,Low,High,High,High,High,0.5778587407150001
Greenland,T,Low,High,High,High,High,0.5778587407150001
Greenland,T,Low,High,High,High,High,0.5778587407150001
Greenland,T,Low,High,High,High,High,0.5778587407150001
Greenland,T,Low,High,High,High,High,0.5778587407150001
Greenland,T,Low,High,High,High,High,0.5778587407150001
Greenland,T,Low,High,High,High,High,0.5778587407150001
Greenland,T,Low,High,High,High,High,0.5778587407150001
Greenland,T,Low,High,High,High,High,0.5778587407150001
Greenland,T,Low,High,High,High,High,0.5778587407150001
Greenland,T,Low,High,High,High,High,0.5778587407150001
Greenland,T,Low,High,High,High,High,0.5778587407150001
Greenland,T,Low,High,High,High,High,0.5778587407150001
Greenland,T,Low,High,High,High,High,0.5778587407150001
Greenland,T,Low,High,High,High,High,0.5778587407150001
Greenland,T,Low,High,High,High,High,0.5778587407150001
Greenland,T,Low,High,High,High,High,0.5778587407150001
Greenland,T,Low,High,High,High,High,0.5778587407150001
Greenland,T,Low,High,High,High,High,0.5778587407150001
Greenland,T,Low,High,High,High,High,0.5778587407150001
Greenland,T,Low,High,High,High,High,0.5778587407150001
Greenland,T,Low,High,High,High,High,0.5778587407150001
Greenland,T,Low,High,High,High,High,0.5778587407150001
Greenland,T,Low,High,High,High,High,0.5778587407150001
Greenland,T,Low,High,High,High,High,0.5778587407150001
Greenland,T,Low,High,High,High,High,0.5778587407150001
Greenland,T,Low,High,High,High,High,0.5778587407150001
Greenland,T,Low,High,High,High,High,0.5778587407150001
Greenland,T,Low,High,High,High,High,0.5778587407150001
Greenland,T,Low,High,High,High,High,0.5778587407150001
Greenland,T,Low,High,High,High,High,0.5778587407150001
Greenland,T,Low,High,High,High,High,0.5778587407150001
Greenland,T,Low,High,High,High,High,0.5778587407150001
Greenland,T,Low,High,High,High,High,0.5778587407150001
Greenland,T,Low,High,High,High,High,0.5778587407150001
Greenland,T,Low,High,High,High,High,0.5778587407150001
Greenland,T,Low,High,High,High,High,0.5778587407150001
Greenland,T,Low,High,High,High,High,0.5778587407150001
Greenland,T,Low,High,High,High,High,0.5778587407150001
Greenland,T,Low,High,High,High,High,0.5778587407150001
Greenland,T,Low,High,High,High,High,0.5778587407150001
Greenland,T,Low,High,High,High,High,0.5778587407150001
Greenland,T,Low,High,High,High,High,0.5778587407150001
Greenland,T,Low,High,High,High,High,0.5778587407150001
Greenland,T,Low,High,High,High,High,0.5778587407150001
Greenland,T,Low,High,High,High,High,0.5778587407150001
Greenland,T,Low,High,High,High,High,0.5778587407150001
Greenland,T,Low,High,High,High,High,0.5778587407150001
Greenland,T,Low,High,High,High,High,0.5778587407150001
Greenland,T,Low,High,High,High,High,0.5778587407150001
Greenland,T,Low,High,High,High,High,0.5778587407150001
Greenland,T,Low,High,High,High,High,0.5778587407150001
Greenland,T,Low,High,High,High,High,0.5778587407150001
Greenland,T,Low,High,High,High,High,0.5778587407150001
Greenland,T,Low,High,High,High,High,0.5778587407150001
Greenland,T,Low,High,High,High,High,0.5778587407150001
Greenland,T,Low,High,High,High,High,0.5778587407150001
Greenland,T,Low,High,High,High,High,0.5778587407150001
Greenland,T,Low,High,High,High,High,0.5778587407150001
Greenland,T,Low,High,High,High,High,0.5778587407150001
Greenland,T,Low,High,High,High,High,0.5778587407150001
Greenland,T,Low,High,High,High,High,0.5778587407150001
Greenland,T,Low,High,High,High,High,0.5778587407150001
Greenland,T,Low,High,High,High,High,0.5778587407150001
Farmland,LT,High,High,Medium,Medium,High,0.5777496540625
Farmland,LT,High,High,Medium,Medium,High,0.5777496540625
Farmland,LT,High,High,Medium,Medium,High,0.5777496540625
Farmland,LT,High,High,Medium,Medium,High,0.5777496540625
Farmland,LT,High,High,Medium,Medium,High,0.5777496540625
Greenland,L,Medium,High,High,Low,High,0.5750204843750001
Greenland,L,Medium,High,High,Low,High,0.5750204843750001
Greenland,L,Medium,High,High,Low,High,0.5750204843750001
Greenland,T,High,High,High,Low,Medium,0.5610879215625
Greenland,T,High,High,High,Low,Medium,0.5610879215625
Greenland,T,High,Medium,High,Medium,High,0.556636309375
Greenland,T,High,Medium,High,Medium,High,0.556636309375
Greenland,T,High,Medium,High,Medium,High,0.556636309375
Greenland,T,High,Medium,High,Medium,High,0.556636309375
Greenland,T,High,Medium,High,Medium,High,0.556636309375
Greenland,T,High,Low,High,Medium,Medium,0.553464896875
Greenland,T,Medium,Medium,High,Medium,Medium,0.5308685828125
Greenland,T,Medium,Medium,High,Medium,Medium,0.5308685828125
Greenland,T,Medium,Medium,High,Medium,Medium,0.5308685828125
Greenland,T,Low,High,High,Medium,Medium,0.528093596875
Greenland,T,Low,High,High,Medium,Medium,0.528093596875
Greenland,T,Low,High,High,Medium,Medium,0.528093596875
Greenland,T,Low,High,High,Medium,Medium,0.528093596875
Greenland,T,Low,High,High,Medium,Medium,0.528093596875
Greenland,T,Low,High,High,Medium,Medium,0.528093596875
Greenland,T,Low,High,High,Medium,Medium,0.528093596875
Greenland,T,Low,High,High,Medium,Medium,0.528093596875
Greenland,T,Low,High,High,Medium,Medium,0.528093596875
Greenland,T,Low,High,High,Medium,Medium,0.528093596875
Greenland,T,Low,High,High,Medium,Medium,0.528093596875
Greenland,T,Low,High,High,Medium,Medium,0.528093596875
Greenland,T,Low,High,High,Medium,Medium,0.528093596875
Greenland,T,Low,High,High,Medium,Medium,0.528093596875
Greenland,T,Low,High,High,Medium,Medium,0.528093596875
Greenland,L,Low,High,High,Medium,Medium,0.526967271015625
Greenland,L,Low,High,High,Medium,Medium,0.526967271015625
Greenland,L,Low,High,High,Medium,Medium,0.526967271015625
Greenland,L,Low,High,High,Medium,Medium,0.526967271015625
Greenland,T,High,High,High,Medium,High,0.51778650625
Greenland,T,High,High,High,Medium,High,0.51778650625
Greenland,T,High,High,High,Medium,High,0.51778650625
Greenland,T,High,High,High,Medium,High,0.51778650625
Greenland,T,High,High,High,Medium,High,0.51778650625
Greenland,T,High,High,High,Medium,High,0.51778650625
Greenland,T,High,High,High,Medium,High,0.51778650625
Greenland,T,High,High,High,Medium,High,0.51778650625
Farmland,LT,High,High,High,Medium,High,0.51778650625
Greenland,T,High,High,High,Medium,High,0.51778650625
Greenland,T,High,High,High,Medium,High,0.51778650625
Farmland,LT,High,High,High,Medium,High,0.51778650625
Greenland,T,High,High,High,Medium,High,0.51778650625
Greenland,T,High,High,High,Medium,High,0.51778650625
Greenland,T,High,High,High,Medium,High,0.51778650625
Greenland,T,High,High,High,Medium,High,0.51778650625
Greenland,T,High,High,High,Medium,High,0.51778650625
Greenland,T,High,High,High,Medium,High,0.51778650625
Greenland,T,High,High,High,Medium,High,0.51778650625
Greenland,T,High,High,High,Medium,High,0.51778650625
Greenland,T,High,High,High,Medium,High,0.51778650625
Greenland,T,High,High,High,Medium,High,0.51778650625
Greenland,T,High,High,High,Medium,High,0.51778650625
Greenland,T,High,High,High,Medium,High,0.51778650625
Greenland,T,High,High,High,Medium,High,0.51778650625
Greenland,T,High,High,High,Medium,High,0.51778650625
Greenland,T,High,High,High,Medium,High,0.51778650625
Greenland,T,High,High,High,Medium,High,0.51778650625
Farmland,LT,High,High,High,Medium,High,0.51778650625
Greenland,T,High,High,High,Medium,High,0.51778650625
Greenland,T,High,High,High,Medium,High,0.51778650625
Greenland,T,High,High,High,Medium,High,0.51778650625
Greenland,T,High,High,High,Medium,High,0.51778650625
Greenland,T,High,High,High,Medium,High,0.51778650625
Farmland,LT,High,High,High,Medium,High,0.51778650625
Greenland,T,High,High,High,Medium,High,0.51778650625
Greenland,T,High,High,High,Medium,High,0.51778650625
Farmland,LT,High,High,High,Medium,High,0.51778650625
Greenland,T,High,High,High,Medium,High,0.51778650625
Greenland,T,High,High,High,Medium,High,0.51778650625
Greenland,T,High,High,High,Medium,High,0.51778650625
Greenland,T,High,High,High,Medium,High,0.51778650625
Greenland,T,High,High,High,Medium,High,0.51778650625
Greenland,T,High,High,High,Medium,High,0.51778650625
Greenland,T,High,High,High,Medium,High,0.51778650625
Greenland,T,High,High,High,Medium,High,0.51778650625
Greenland,T,High,High,High,Medium,High,0.51778650625
Greenland,T,High,High,High,Medium,High,0.51778650625
Greenland,T,High,High,High,Medium,High,0.51778650625
Greenland,T,High,High,High,Medium,High,0.51778650625
Greenland,T,High,High,High,Medium,High,0.51778650625
Greenland,T,High,High,High,Medium,High,0.51778650625
Greenland,T,High,High,High,Medium,High,0.51778650625
Greenland,T,High,High,High,Medium,High,0.51778650625
Greenland,T,High,High,High,Medium,High,0.51778650625
Greenland,T,High,High,High,Medium,High,0.51778650625
Greenland,T,High,High,High,Medium,High,0.51778650625
Greenland,T,High,High,High,Medium,High,0.51778650625
Greenland,T,High,High,High,Medium,High,0.51778650625
Greenland,T,High,High,High,Medium,High,0.51778650625
Greenland,T,High,High,High,Medium,High,0.51778650625
Greenland,T,High,High,High,Medium,High,0.51778650625
Greenland,T,High,High,High,Medium,High,0.51778650625
Greenland,T,High,High,High,Medium,High,0.51778650625
Farmland,LT,High,High,High,Medium,High,0.51778650625
Greenland,T,High,High,High,Medium,High,0.51778650625
Farmland,LT,High,High,High,Medium,High,0.51778650625
Farmland,LT,High,High,High,Medium,High,0.51778650625
Farmland,LT,High,High,High,Medium,High,0.51778650625
Farmland,LT,High,High,High,Medium,High,0.51778650625
Greenland,T,High,High,High,Medium,High,0.51778650625
Greenland,T,High,High,High,Medium,High,0.51778650625
Greenland,T,High,High,High,Medium,High,0.51778650625
Greenland,T,High,High,High,Medium,High,0.51778650625
Greenland,T,High,High,High,Medium,High,0.51778650625
Farmland,LT,High,High,High,Medium,High,0.51778650625
Greenland,T,High,High,High,Medium,High,0.51778650625
Greenland,T,High,High,High,Medium,High,0.51778650625
Greenland,T,High,High,High,Medium,High,0.51778650625
Farmland,T,High,High,High,Medium,High,0.51778650625
Farmland,T,High,High,High,Medium,High,0.51778650625
Greenland,T,High,High,High,Medium,High,0.51778650625
Greenland,T,High,High,High,Medium,High,0.51778650625
Greenland,T,High,High,High,Medium,High,0.51778650625
Greenland,T,High,High,High,Medium,High,0.51778650625
Greenland,T,High,High,High,Medium,High,0.51778650625
Greenland,T,High,High,High,Medium,High,0.51778650625
Greenland,T,High,High,High,Medium,High,0.51778650625
Greenland,T,High,High,High,Medium,High,0.51778650625
Greenland,T,High,High,High,Medium,High,0.51778650625
Greenland,T,High,High,High,Medium,High,0.51778650625
Greenland,T,High,High,High,Medium,High,0.51778650625
Greenland,T,High,High,High,Medium,High,0.51778650625
Greenland,T,High,High,High,Medium,High,0.51778650625
Greenland,T,High,High,High,Medium,High,0.51778650625
Greenland,T,High,High,High,Medium,High,0.51778650625
Farmland,LT,High,High,High,Medium,High,0.51778650625
Farmland,LT,High,High,High,Medium,High,0.51778650625
Farmland,LT,High,High,High,Medium,High,0.51778650625
Greenland,T,High,High,High,Medium,High,0.51778650625
Greenland,T,High,High,High,Medium,High,0.51778650625
Greenland,T,High,High,High,Medium,High,0.51778650625
Greenland,T,High,High,High,Medium,High,0.51778650625
Farmland,T,High,High,High,Medium,High,0.51778650625
Greenland,T,High,High,High,Medium,High,0.51778650625
Greenland,T,High,High,High,Medium,High,0.51778650625
Farmland,LT,High,High,High,Medium,High,0.51778650625
Greenland,T,High,High,High,Medium,High,0.51778650625
Farmland,LT,High,High,High,Medium,High,0.51778650625
Farmland,LT,High,High,High,Medium,High,0.51778650625
Farmland,LT,High,High,High,Medium,High,0.51778650625
Greenland,T,High,High,High,Medium,High,0.51778650625
Greenland,T,High,High,High,Medium,High,0.51778650625
Greenland,T,High,High,High,Medium,High,0.51778650625
Greenland,T,High,High,High,Medium,High,0.51778650625
Greenland,T,High,High,High,Medium,High,0.51778650625
Greenland,T,High,High,High,Medium,High,0.51778650625
Farmland,T,High,High,High,Medium,High,0.51778650625
Farmland,LT,High,High,High,Medium,High,0.51778650625
Greenland,T,High,High,High,Medium,High,0.51778650625
Greenland,T,High,High,High,Medium,High,0.51778650625
Farmland,LT,High,High,High,Medium,High,0.51778650625
Farmland,LT,High,High,High,Medium,High,0.51778650625
Greenland,T,High,High,High,Medium,High,0.51778650625
Farmland,LT,High,High,High,Medium,High,0.51778650625
Greenland,T,High,High,High,Medium,High,0.51778650625
Farmland,LT,High,High,High,Medium,High,0.51778650625
Farmland,T,High,High,High,Medium,High,0.51778650625
Greenland,T,High,High,High,Medium,High,0.51778650625
Greenland,T,High,High,High,Medium,High,0.51778650625
Greenland,T,High,High,High,Medium,High,0.51778650625
Greenland,T,High,High,High,Medium,High,0.51778650625
Greenland,T,High,High,High,Medium,High,0.51778650625
Greenland,T,High,High,High,Medium,High,0.51778650625
Greenland,T,High,High,High,Medium,High,0.51778650625
Farmland,LT,High,High,High,Medium,High,0.51778650625
Greenland,T,High,High,High,Medium,High,0.51778650625
Farmland,Unknown,High,High,High,Medium,High,0.51778650625
Greenland,LT,High,High,High,Medium,High,0.5155094246875
Greenland,LT,High,High,High,Medium,High,0.5155094246875
Greenland,LT,High,High,High,Medium,High,0.5155094246875
Greenland,LT,High,High,High,Medium,High,0.5155094246875
Greenland,LT,High,High,High,Medium,High,0.5155094246875
Greenland,LT,High,High,High,Medium,High,0.5155094246875
Greenland,LT,High,High,High,Medium,High,0.5155094246875
Greenland,LT,High,High,High,Medium,High,0.5155094246875
Greenland,LT,High,High,High,Medium,High,0.5155094246875
Greenland,LT,High,High,High,Medium,High,0.5155094246875
Greenland,LT,High,High,High,Medium,High,0.5155094246875
Greenland,T,High,Medium,High,Medium,Medium,0.5106508281250001
Greenland,T,High,Medium,High,Medium,Medium,0.5106508281250001
Greenland,T,High,Medium,High,Medium,Medium,0.5106508281250001
Greenland,T,High,Medium,High,Medium,Medium,0.5106508281250001
Greenland,T,High,Medium,High,Medium,Medium,0.5106508281250001
Greenland,T,High,Medium,High,Medium,Medium,0.5106508281250001
Greenland,T,High,Medium,High,Medium,Medium,0.5106508281250001
Greenland,T,High,Medium,High,Medium,Medium,0.5106508281250001
Greenland,T,High,Medium,High,Medium,Medium,0.5106508281250001
Greenland,T,High,Medium,High,Medium,Medium,0.5106508281250001
Greenland,T,High,Medium,High,Medium,Medium,0.5106508281250001
Greenland,T,High,Medium,High,Medium,Medium,0.5106508281250001
Greenland,T,High,Medium,High,Medium,Medium,0.5106508281250001
Greenland,T,High,Medium,High,Medium,Medium,0.5106508281250001
Greenland,T,High,Medium,High,Medium,Medium,0.5106508281250001
Greenland,T,High,Medium,High,Medium,Medium,0.5106508281250001
Greenland,T,High,Medium,High,Medium,Medium,0.5106508281250001
Greenland,T,High,Medium,High,Medium,Medium,0.5106508281250001
Greenland,T,High,Medium,High,Medium,Medium,0.5106508281250001
Greenland,T,High,Medium,High,Medium,Medium,0.5106508281250001
Greenland,T,High,Medium,High,Medium,Medium,0.5106508281250001
Greenland,T,Medium,High,High,Medium,High,0.5066865625
Greenland,T,Medium,High,High,Medium,High,0.5066865625
Greenland,T,Medium,High,High,Medium,High,0.5066865625
Greenland,T,Medium,High,High,Medium,High,0.5066865625
Greenland,T,Medium,High,High,Medium,High,0.5066865625
Greenland,T,Medium,High,High,Medium,High,0.5066865625
Farmland,LT,Medium,High,High,Medium,High,0.5066865625
Greenland,T,Medium,High,High,Medium,High,0.5066865625
Greenland,T,Medium,High,High,Medium,High,0.5066865625
Greenland,T,Medium,High,High,Medium,High,0.5066865625
Greenland,T,Medium,High,High,Medium,High,0.5066865625
Greenland,T,Medium,High,High,Medium,High,0.5066865625
Greenland,T,Medium,High,High,Medium,High,0.5066865625
Greenland,T,Medium,High,High,Medium,High,0.5066865625
Greenland,T,Medium,High,High,Medium,High,0.5066865625
Greenland,T,Medium,High,High,Medium,High,0.5066865625
Greenland,T,Medium,High,High,Medium,High,0.5066865625
Greenland,T,Medium,High,High,Medium,High,0.5066865625
Greenland,T,Medium,High,High,Medium,High,0.5066865625
Greenland,T,Medium,High,High,Medium,High,0.5066865625
Greenland,T,Medium,High,High,Medium,High,0.5066865625
Greenland,T,Medium,High,High,Medium,High,0.5066865625
Greenland,T,Medium,High,High,Medium,High,0.5066865625
Greenland,T,Medium,High,High,Medium,High,0.5066865625
Greenland,T,Medium,High,High,Medium,High,0.5066865625
Greenland,T,Medium,High,High,Medium,High,0.5066865625
Greenland,T,Medium,High,High,Medium,High,0.5066865625
Greenland,T,Medium,High,High,Medium,High,0.5066865625
Greenland,T,Medium,High,High,Medium,High,0.5066865625
Greenland,T,Medium,High,High,Medium,High,0.5066865625
Greenland,T,Medium,High,High,Medium,High,0.5066865625
Greenland,T,Medium,High,High,Medium,High,0.5066865625
Greenland,T,Medium,High,High,Medium,High,0.5066865625
Greenland,T,Medium,High,High,Medium,High,0.5066865625
Greenland,T,Medium,High,High,Medium,High,0.5066865625
Greenland,T,Medium,High,High,Medium,High,0.5066865625
Greenland,T,Medium,High,High,Medium,High,0.5066865625
Farmland,LT,Medium,High,High,Medium,High,0.5066865625
Greenland,T,Medium,High,High,Medium,High,0.5066865625
Farmland,LT,Medium,High,High,Medium,High,0.5066865625
Greenland,T,Medium,High,High,Medium,High,0.5066865625
Farmland,LT,Medium,High,High,Medium,High,0.5066865625
Greenland,T,Medium,High,High,Medium,High,0.5066865625
Greenland,T,Medium,High,High,Medium,High,0.5066865625
Greenland,T,Medium,High,High,Medium,High,0.5066865625
Greenland,T,Medium,High,High,Medium,High,0.5066865625
Greenland,T,Medium,High,High,Medium,High,0.5066865625
Greenland,T,Medium,High,High,Medium,High,0.5066865625
Farmland,LT,Medium,High,High,Medium,High,0.5066865625
Farmland,LT,Medium,High,High,Medium,High,0.5066865625
Farmland,LT,Medium,High,High,Medium,High,0.5066865625
Farmland,LT,Medium,High,High,Medium,High,0.5066865625
Farmland,LT,Medium,High,High,Medium,High,0.5066865625
Greenland,T,Medium,High,High,Medium,High,0.5066865625
Farmland,LT,Medium,High,High,Medium,High,0.5066865625
Greenland,T,Medium,High,High,Medium,High,0.5066865625
Greenland,T,Medium,High,High,Medium,High,0.5066865625
Greenland,T,Medium,High,High,Medium,High,0.5066865625
Greenland,T,Medium,High,High,Medium,High,0.5066865625
Greenland,T,Medium,High,High,Medium,High,0.5066865625
Greenland,T,Medium,High,High,Medium,High,0.5066865625
Greenland,T,Medium,High,High,Medium,High,0.5066865625
Greenland,T,Medium,High,High,Medium,High,0.5066865625
Greenland,T,Medium,High,High,Medium,High,0.5066865625
Greenland,T,Medium,High,High,Medium,High,0.5066865625
Greenland,T,Medium,High,High,Medium,High,0.5066865625
Greenland,T,Medium,High,High,Medium,High,0.5066865625
Greenland,T,Medium,High,High,Medium,High,0.5066865625
Greenland,T,Medium,High,High,Medium,High,0.5066865625
Greenland,T,Medium,High,High,Medium,Medium,0.505893709375
Greenland,T,Medium,High,High,Medium,Medium,0.505893709375
Greenland,T,Medium,High,High,Medium,Medium,0.505893709375
Greenland,T,Medium,High,High,Medium,Medium,0.505893709375
Greenland,T,Medium,High,High,Medium,Medium,0.505893709375
Greenland,T,Medium,High,High,Medium,Medium,0.505893709375
Greenland,T,Medium,High,High,Medium,Medium,0.505893709375
Greenland,T,Medium,High,High,Medium,Medium,0.505893709375
Greenland,T,Medium,High,High,Medium,Medium,0.505893709375
Greenland,T,Medium,High,High,Medium,Medium,0.505893709375
Greenland,T,Medium,High,High,Medium,Medium,0.505893709375
Greenland,T,Medium,High,High,Medium,Medium,0.505893709375
Greenland,T,Medium,High,High,Medium,Medium,0.505893709375
Greenland,T,Medium,High,High,Medium,Medium,0.505893709375
Greenland,T,Medium,High,High,Medium,Medium,0.505893709375
Greenland,T,Medium,High,High,Medium,Medium,0.505893709375
Greenland,T,Medium,High,High,Medium,Medium,0.505893709375
Greenland,T,Medium,High,High,Medium,Medium,0.505893709375
Greenland,T,Medium,High,High,Medium,Medium,0.505893709375
Greenland,T,Medium,High,High,Medium,Medium,0.505893709375
Greenland,T,Medium,High,High,Medium,Medium,0.505893709375
Greenland,T,Medium,High,High,Medium,Medium,0.505893709375
Farmland,LT,Medium,High,High,Medium,Medium,0.505893709375
Farmland,LT,Medium,High,High,Medium,Medium,0.505893709375
Greenland,T,Medium,High,High,Medium,Medium,0.505893709375
Greenland,T,Medium,High,High,Medium,Medium,0.505893709375
Greenland,T,Medium,High,High,Medium,Medium,0.505893709375
Greenland,L,Medium,High,High,Medium,Medium,0.504741074453125
Greenland,L,Medium,High,High,Medium,Medium,0.504741074453125
Greenland,L,Medium,High,High,Medium,Medium,0.504741074453125
Greenland,L,Low,High,High,High,Medium,0.4893479873125
Greenland,L,Low,High,High,High,Medium,0.4893479873125
Greenland,L,Low,High,High,High,Medium,0.4893479873125
Greenland,L,Low,High,High,High,Medium,0.4893479873125
Greenland,T,Low,High,High,High,Medium,0.48631441633125
Greenland,T,Low,High,High,High,Medium,0.48631441633125
Greenland,T,Low,High,High,High,Medium,0.48631441633125
Greenland,T,Low,High,High,High,Medium,0.48631441633125
Greenland,T,Low,High,High,High,Medium,0.48631441633125
Greenland,T,Low,High,High,High,Medium,0.48631441633125
Greenland,T,Low,High,High,High,Medium,0.48631441633125
Greenland,T,Low,High,High,High,Medium,0.48631441633125
Greenland,T,Low,High,High,High,Medium,0.48631441633125
Greenland,T,Low,High,High,High,Medium,0.48631441633125
Greenland,T,Low,High,High,High,Medium,0.48631441633125
Greenland,T,Low,High,High,High,Medium,0.48631441633125
Greenland,T,Low,High,High,High,Medium,0.48631441633125
Greenland,T,Low,High,High,High,Medium,0.48631441633125
Greenland,T,Low,High,High,High,Medium,0.48631441633125
Greenland,T,Low,High,High,High,Medium,0.48631441633125
Greenland,T,Low,High,High,High,Medium,0.48631441633125
Greenland,T,Low,High,High,High,Medium,0.48631441633125
Greenland,T,Low,High,High,High,Medium,0.48631441633125
Greenland,T,Low,High,High,High,Medium,0.48631441633125
Greenland,T,Low,High,High,High,Medium,0.48631441633125
Greenland,T,Low,High,High,High,Medium,0.48631441633125
Greenland,T,Low,High,High,High,Medium,0.48631441633125
Greenland,T,Low,High,High,High,Medium,0.48631441633125
Greenland,T,Low,High,High,High,Medium,0.48631441633125
Greenland,T,Low,High,High,High,Medium,0.48631441633125
Greenland,T,Low,High,High,High,Medium,0.48631441633125
Greenland,T,Low,High,High,High,Medium,0.48631441633125
Greenland,T,Low,High,High,High,Medium,0.48631441633125
Greenland,T,Low,High,High,High,Medium,0.48631441633125
Greenland,T,Low,High,High,High,Medium,0.48631441633125
Greenland,T,Low,High,High,High,Medium,0.48631441633125
Greenland,T,Low,High,High,High,Medium,0.48631441633125
Greenland,T,Low,High,High,High,Medium,0.48631441633125
Greenland,T,Low,High,High,High,Medium,0.48631441633125
Greenland,T,Low,High,High,High,Medium,0.48631441633125
Greenland,T,Low,High,High,High,Medium,0.48631441633125
Greenland,T,Low,High,High,High,Medium,0.48631441633125
Greenland,T,Low,High,High,High,Medium,0.48631441633125
Greenland,T,Low,High,High,High,Medium,0.48631441633125
Greenland,T,Low,High,High,High,Medium,0.48631441633125
Greenland,T,Low,High,High,High,Medium,0.48631441633125
Greenland,T,Low,High,High,High,Medium,0.48631441633125
Greenland,T,Low,High,High,High,Medium,0.48631441633125
Greenland,T,Low,High,High,High,Medium,0.48631441633125
Greenland,T,Low,High,High,Medium,Low,0.4844866749999999
Greenland,T,Low,High,High,Medium,Low,0.4844866749999999
Greenland,T,High,High,High,Medium,Medium,0.4829009687499999
Greenland,T,High,High,High,Medium,Medium,0.4829009687499999
Greenland,T,High,High,High,Medium,Medium,0.4829009687499999
Greenland,T,High,High,High,Medium,Medium,0.4829009687499999
Greenland,T,High,High,High,Medium,Medium,0.4829009687499999
Greenland,T,High,High,High,Medium,Medium,0.4829009687499999
Greenland,T,High,High,High,Medium,Medium,0.4829009687499999
Greenland,T,High,High,High,Medium,Medium,0.4829009687499999
Greenland,T,High,High,High,Medium,Medium,0.4829009687499999
Greenland,T,High,High,High,Medium,Medium,0.4829009687499999
Greenland,T,High,High,High,Medium,Medium,0.4829009687499999
Greenland,T,High,High,High,Medium,Medium,0.4829009687499999
Greenland,T,High,High,High,Medium,Medium,0.4829009687499999
Greenland,T,High,High,High,Medium,Medium,0.4829009687499999
Greenland,T,High,High,High,Medium,Medium,0.4829009687499999
Greenland,T,High,High,High,Medium,Medium,0.4829009687499999
Greenland,T,High,High,High,Medium,Medium,0.4829009687499999
Greenland,T,High,High,High,Medium,Medium,0.4829009687499999
Greenland,T,High,High,High,Medium,Medium,0.4829009687499999
Greenland,T,High,High,High,Medium,Medium,0.4829009687499999
Farmland,LT,High,High,High,Medium,Medium,0.4829009687499999
Greenland,T,High,High,High,Medium,Medium,0.4829009687499999
Greenland,T,High,High,High,Medium,Medium,0.4829009687499999
Greenland,T,High,High,High,Medium,Medium,0.4829009687499999
Greenland,T,High,High,High,Medium,Medium,0.4829009687499999
Greenland,T,High,High,High,Medium,Medium,0.4829009687499999
Greenland,T,High,High,High,Medium,Medium,0.4829009687499999
Farmland,LT,High,High,High,Medium,Medium,0.4829009687499999
Greenland,T,High,High,High,Medium,Medium,0.4829009687499999
Greenland,T,High,High,High,Medium,Medium,0.4829009687499999
Greenland,T,High,High,High,Medium,Medium,0.4829009687499999
Greenland,T,High,High,High,High,High,0.4755542335375
Greenland,T,High,High,High,High,High,0.4755542335375
Greenland,T,High,High,High,High,High,0.4755542335375
Greenland,T,High,High,High,High,High,0.4755542335375
Greenland,T,High,High,High,High,High,0.4755542335375
Greenland,T,High,High,High,High,High,0.4755542335375
Greenland,T,High,High,High,High,High,0.4755542335375
Greenland,T,High,High,High,High,High,0.4755542335375
Greenland,T,High,High,High,High,High,0.4755542335375
Greenland,T,High,High,High,High,High,0.4755542335375
Greenland,T,High,High,High,High,High,0.4755542335375
Greenland,T,High,High,High,High,High,0.4755542335375
Greenland,T,High,High,High,High,High,0.4755542335375
Greenland,T,High,High,High,High,High,0.4755542335375
Greenland,T,High,High,High,High,High,0.4755542335375
Greenland,T,High,High,High,High,High,0.4755542335375
Greenland,T,High,High,High,High,High,0.4755542335375
Greenland,T,High,High,High,High,High,0.4755542335375
Greenland,T,High,High,High,High,High,0.4755542335375
Greenland,T,High,High,High,High,High,0.4755542335375
Greenland,T,High,High,High,High,High,0.4755542335375
Greenland,T,High,High,High,High,High,0.4755542335375
Greenland,T,High,High,High,High,High,0.4755542335375
Greenland,T,High,High,High,High,High,0.4755542335375
Greenland,T,High,High,High,High,High,0.4755542335375
Greenland,T,High,High,High,High,High,0.4755542335375
Greenland,T,High,High,High,High,High,0.4755542335375
Greenland,T,High,High,High,High,High,0.4755542335375
Greenland,T,High,High,High,High,High,0.4755542335375
Greenland,T,High,High,High,High,High,0.4755542335375
Greenland,T,High,High,High,High,High,0.4755542335375
Greenland,T,High,High,High,High,High,0.4755542335375
Greenland,T,High,High,High,High,High,0.4755542335375
Greenland,T,High,High,High,High,High,0.4755542335375
Greenland,T,High,High,High,High,High,0.4755542335375
Greenland,T,High,High,High,High,High,0.4755542335375
Greenland,T,High,High,High,High,High,0.4755542335375
Greenland,T,High,High,High,High,High,0.4755542335375
Greenland,T,High,High,High,High,High,0.4755542335375
Greenland,T,High,High,High,High,High,0.4755542335375
Greenland,T,High,High,High,High,High,0.4755542335375
Greenland,T,High,High,High,High,High,0.4755542335375
Greenland,T,High,High,High,High,High,0.4755542335375
Greenland,T,High,High,High,High,High,0.4755542335375
Greenland,T,High,High,High,High,High,0.4755542335375
Greenland,T,High,High,High,High,High,0.4755542335375
Greenland,T,High,High,High,High,High,0.4755542335375
Greenland,T,High,High,High,High,High,0.4755542335375
Greenland,T,High,High,High,High,High,0.4755542335375
Greenland,Unknown,Medium,High,High,High,High,0.469064515625
Greenland,L,Medium,High,High,High,High,0.46706824375
Greenland,T,Medium,High,High,High,High,0.463966344375
Greenland,T,Medium,High,High,High,High,0.463966344375
Greenland,T,Medium,High,High,High,High,0.463966344375
Greenland,T,Medium,High,High,High,High,0.463966344375
Greenland,T,Medium,High,High,High,High,0.463966344375
Greenland,T,Medium,High,High,High,High,0.463966344375
Greenland,T,Medium,High,High,High,High,0.463966344375
Greenland,T,Medium,High,High,High,High,0.463966344375
Greenland,T,Medium,High,High,High,High,0.463966344375
Greenland,T,Medium,High,High,High,High,0.463966344375
Greenland,T,Medium,High,High,High,High,0.463966344375
Greenland,T,Medium,High,High,High,High,0.463966344375
Greenland,T,Medium,High,High,High,High,0.463966344375
Greenland,T,Medium,High,High,High,High,0.463966344375
Greenland,T,Medium,High,High,High,High,0.463966344375
Greenland,T,Medium,High,High,High,High,0.463966344375
Greenland,T,Medium,High,High,High,High,0.463966344375
Greenland,T,Medium,High,High,High,High,0.463966344375
Greenland,T,Medium,High,High,High,High,0.463966344375
Greenland,T,Medium,High,High,High,High,0.463966344375
Greenland,T,Medium,High,High,High,High,0.463966344375
Greenland,T,Medium,High,High,High,High,0.463966344375
Greenland,T,Medium,High,High,High,High,0.463966344375
Greenland,T,Medium,High,High,High,High,0.463966344375
Greenland,T,Medium,High,High,High,High,0.463966344375
Greenland,T,Medium,High,High,High,High,0.463966344375
Greenland,T,Medium,High,High,High,High,0.463966344375
Greenland,T,Medium,High,High,High,High,0.463966344375
Greenland,T,Medium,High,High,High,High,0.463966344375
Greenland,T,Medium,High,High,High,High,0.463966344375
Greenland,T,Medium,High,High,High,High,0.463966344375
Greenland,T,Medium,High,High,High,High,0.463966344375
Greenland,T,Medium,High,High,High,High,0.463966344375
Greenland,T,Medium,High,High,High,High,0.463966344375
Greenland,T,Medium,High,High,High,High,0.463966344375
Greenland,T,Medium,High,High,High,High,0.463966344375
Greenland,T,Medium,High,High,High,High,0.463966344375
Greenland,T,Medium,High,High,High,High,0.463966344375
Greenland,T,Medium,High,High,High,High,0.463966344375
Greenland,T,Medium,High,High,High,High,0.463966344375
Greenland,T,Medium,High,High,High,High,0.463966344375
Greenland,T,Medium,High,High,High,High,0.463966344375
Greenland,T,Medium,High,High,High,High,0.463966344375
Greenland,T,Medium,High,High,High,High,0.463966344375
Greenland,T,Medium,High,High,High,High,0.463966344375
Greenland,T,Medium,High,High,High,High,0.463966344375
Greenland,T,Medium,High,High,High,High,0.463966344375
Greenland,T,Medium,High,High,High,High,0.463966344375
Greenland,T,Medium,High,High,High,High,0.463966344375
Greenland,T,Medium,High,High,High,High,0.463966344375
Greenland,T,Medium,High,High,High,High,0.463966344375
Greenland,T,Medium,High,High,High,High,0.463966344375
Greenland,T,Medium,High,High,High,High,0.463966344375
Greenland,T,Medium,High,High,High,High,0.463966344375
Greenland,T,Medium,High,High,High,High,0.463966344375
Greenland,T,Medium,High,High,High,High,0.463966344375
Greenland,T,Medium,High,High,High,High,0.463966344375
Greenland,T,Medium,High,High,High,High,0.463966344375
Greenland,T,Medium,High,High,High,High,0.463966344375
Greenland,T,Medium,High,High,High,High,0.463966344375
Greenland,T,Medium,High,High,High,High,0.463966344375
Greenland,T,Medium,High,High,High,High,0.463966344375
Greenland,T,Medium,High,High,High,High,0.463966344375
Greenland,T,Medium,High,High,High,High,0.463966344375
Greenland,T,Medium,High,High,High,High,0.463966344375
Greenland,T,Medium,High,High,High,High,0.463966344375
Greenland,T,Medium,High,High,High,High,0.463966344375
Greenland,T,Medium,High,High,High,High,0.463966344375
Greenland,T,Medium,High,High,High,High,0.463966344375
Greenland,T,Medium,High,High,High,High,0.463966344375
Greenland,T,Medium,High,High,High,High,0.463966344375
Greenland,T,Medium,High,High,High,High,0.463966344375
Greenland,T,Medium,High,High,High,High,0.463966344375
Greenland,T,Medium,High,High,High,High,0.463966344375
Greenland,T,Medium,High,High,High,High,0.463966344375
Greenland,T,Medium,High,High,High,High,0.463966344375
Greenland,T,Medium,High,High,High,High,0.463966344375
Greenland,T,Medium,High,High,High,High,0.463966344375
Greenland,T,Medium,High,High,High,High,0.463966344375
Greenland,T,Medium,High,High,High,High,0.463966344375
Greenland,T,Medium,High,High,High,High,0.463966344375
Greenland,T,Medium,High,High,High,High,0.463966344375
Greenland,T,Medium,High,High,High,High,0.463966344375
Greenland,T,Medium,High,High,High,High,0.463966344375
Greenland,T,Medium,High,High,High,High,0.463966344375
Greenland,T,Medium,High,High,High,High,0.463966344375
Greenland,T,Medium,High,High,High,High,0.463966344375
Greenland,T,Medium,High,High,High,High,0.463966344375
Greenland,T,Medium,High,High,High,High,0.463966344375
Greenland,T,Medium,High,High,High,High,0.463966344375
Greenland,T,Medium,High,High,High,High,0.463966344375
Greenland,T,Medium,High,High,High,High,0.463966344375
Greenland,T,Medium,High,High,High,High,0.463966344375
Greenland,T,Medium,High,High,High,High,0.463966344375
Greenland,T,Medium,High,High,High,High,0.463966344375
Greenland,T,Medium,High,High,High,High,0.463966344375
Greenland,T,Medium,High,High,High,High,0.463966344375
Greenland,T,Medium,High,High,High,High,0.463966344375
Greenland,T,Medium,High,High,High,High,0.463966344375
Greenland,T,Medium,High,High,High,High,0.463966344375
Greenland,T,Medium,High,High,High,High,0.463966344375
Greenland,T,Medium,High,High,High,High,0.463966344375
Greenland,T,Medium,High,High,High,High,0.463966344375
Greenland,T,Medium,High,High,High,High,0.463966344375
Greenland,T,Medium,High,High,High,High,0.463966344375
Greenland,T,Medium,High,High,High,High,0.463966344375
Greenland,T,Medium,High,High,High,High,0.463966344375
Greenland,T,Medium,High,High,High,High,0.463966344375
Greenland,T,Medium,High,High,High,High,0.463966344375
Greenland,T,Medium,High,High,High,High,0.463966344375
Greenland,T,Medium,High,High,High,High,0.463966344375
Greenland,T,Medium,High,High,High,High,0.463966344375
Greenland,T,Medium,High,High,High,High,0.463966344375
Greenland,T,Medium,High,High,High,High,0.463966344375
Greenland,T,Medium,High,High,High,High,0.463966344375
Greenland,T,Medium,High,High,High,High,0.463966344375
Greenland,T,Medium,High,High,High,High,0.463966344375
Greenland,T,Medium,High,High,High,High,0.463966344375
Greenland,T,Medium,High,High,High,High,0.463966344375
Greenland,T,Medium,High,High,High,High,0.463966344375
Greenland,T,Medium,High,High,High,High,0.463966344375
Greenland,T,Medium,High,High,High,High,0.463966344375
Greenland,T,Medium,High,High,High,High,0.463966344375
Greenland,T,Medium,High,High,High,High,0.463966344375
Greenland,T,Medium,High,High,High,High,0.463966344375
Greenland,T,Medium,High,High,High,High,0.463966344375
Greenland,T,Medium,High,High,High,High,0.463966344375
Greenland,T,Medium,High,High,High,High,0.463966344375
Greenland,T,Medium,High,High,High,High,0.463966344375
Greenland,T,Medium,High,High,High,High,0.463966344375
Greenland,T,Medium,High,High,High,High,0.463966344375
Greenland,T,Medium,High,High,High,High,0.463966344375
Greenland,T,Medium,High,High,High,High,0.463966344375
Greenland,T,Medium,High,High,High,Medium,0.46313863800625
Greenland,T,Medium,High,High,High,Medium,0.46313863800625
Greenland,T,Medium,High,High,High,Medium,0.46313863800625
